chip,field_id
28852,756
28852,757
28852+51cb0,1372
28852+51cb0,1374
d987c,1986
d987c,1988
ca1d4,2689
ca1d4,2690
ca1d4,2691
ca1d4,2878
ca1d4,2880
ca1d4,3293
2ec18,7238
2ec18,7239
2ec18+342a6,7240
2ec18,7241
7575d,4181
7575d,4185
7575d,4186
7575d,4255
7575d+91b2b,4256
7575d+91b2b,4257
7575d,4258
7575d,5014
7575d,5015
7575d,5016
7575d,5017
b0723,3281
87d6d,1919
87d6d,1920
87d6d,1921
87d6d,1950
87d6d,2317
87d6d,2318
87d6d,2319
87d6d,2324
87d6d+15404,2563
87d6d,3085
87d6d,3086
87d6d,3367
87d6d,3369
87d6d,3370
87d6d,3371
87d6d,3372
372f8,4411
372f8,4412
372f8,4517
372f8,4518
372f8,4675
372f8,4676
372f8,5026
9968d,442
44c21,7161
44c21,7162
44c21,7249
bb902,440
bb902,441
bb902,539
bb902,727
bb902,728
bb902,730
bb902,879
bb902,880
bb902,1178
bb902,1179
bb902,1180
bb902,1181
bb902,1300
bb902,1301
5a45a,1940
5a45a,1942
215e8,5531
215e8,5533
215e8+18ac3,6185
215e8,6245
215e8,6246
215e8,6248
215e8,6249
8de4d+f449d,1892
83e51+638b4,3778
83e51+638b4,3779
09768,4630
09768,4631
09768,4632
591da,6213
591da,6214
591da,6215
591da,6216
a4023,7209
d4a9c,3278
d4a9c,3607
865ac,118
865ac,1107
865ac,1493
865ac,1615
865ac,1616
e6bb3,6834
e6bb3,6835
a37ab+e0ea2+9e468+70206,1730
a37ab,1732
a37ab,2664
a37ab,2667
a37ab,2668
a37ab,3211
a37ab,3212
a37ab,3213
a37ab,3214
29109+68b4c,2211
29109,2212
29109,3002
63cad,206
63cad,207
63cad,322
63cad,422
63cad,960
63cad,961
63cad,962
63cad,963
63cad,964
63cad+f9e47,965
535b8,32
535b8,56
535b8,132
535b8+1d374,538
535b8+1d374,788
535b8,1343
535b8,1653
535b8+1d374,1655
af25b,6473
af25b,6474
9ce1a,245
9ce1a,246
9ce1a,247
9ce1a,248
9ce1a,1047
9ce1a,1048
9ce1a,1117
9ce1a,1118
9ce1a,1255
9ce1a,1513
9ce1a,1539
3f8a4,4262
3f8a4,4263
3f8a4,4962
d754d,4009
d754d,4010
d754d,4012
d754d,4013
d754d,4014
5c339,2080
5c339,2082
5c339,2083
5c339,2160
5c339,2161
5c339,2162
5c339,3154
5c339,3155
5c339,3156
5c339,3157
0d6fc,3229
54eab,1870
54eab,1871
54eab,1872
54eab,3341
54eab,3342
54eab,3343
54eab,3344
c8c24+15a87,5467
c9a6e,178
c9a6e,216
c9a6e,324
c9a6e,325
c9a6e+ec148,432
c9a6e,859
c9a6e,860
c9a6e,861
c9a6e,1508
41401,6828
41401,6829
41401,6830
41401,6831
41401,6832
41401,6833
d3970,6630
29881,2130
29881,2131
29881,2228
29881,2229
a8770,4586
a8770,4587
a8770,4588
a8770,4591
abe87,5000
abe87,5002
abe87,5003
d6b27,437
d6b27,438
d6b27,439
d6b27,573
d6b27,574
d6b27,576
d6b27,1241
d6b27,1243
d6b27,1244
d6b27,1246
d6b27,1590
d6b27,1592
d6b27,1593
d6b27,1594
d6b27,1595
36e33,5413
36e33,5414
36e33,5415
c176b,4399
c176b,5024
c176b,5025
73908,6428
73908,6429
73908,7212
73908,7214
90551,224
90551,225
90551,227
90551,719
90551,720
1864e+b076a,5287
1864e,6149
1864e,6150
a0bfa,6335
a0bfa,6342
a0bfa+80c25,6344
a0bfa,6345
a0bfa,7198
a0bfa,7199
a0bfa,7200
a0bfa,7227
a0bfa,7228
2317b,6762
2317b,6763
2317b,7042
2317b,7044
38b06+2d821,4823
3f04f,6196
3f04f,6197
3f04f+5316d,6198
3f04f,6199
3f04f,6201
08448,5453
08448,5454
08448,5455
08448,5456
08448,5751
08448,6152
08448,6153
08448,6156
7a5bc+d93fc,578
7a5bc,1369
3406c,1951
3406c,1952
3406c,1953
3406c,2351
3406c,2352
3406c,2354
3406c,2355
3406c,2356
3406c,2624
3406c,2625
797fa,507
797fa,508
797fa,509
797fa,510
797fa,948
797fa,1103
797fa,1104
797fa,1236
797fa,1238
797fa,1239
797fa,1240
a1ab4,164
a1ab4,167
ebaf5,3205
ebaf5,3442
ebaf5,3444
ebaf5,3445
312bb,1990
312bb,2629
312bb,2630
04e04,1514
04e04+02694,1515
ca8f9+2b5bf,3744
ca8f9,4146
ca8f9,4700
ca8f9,5177
ca8f9,5178
ca8f9,5260
0677a+ee343,5673
0677a+ee343,5674
0677a,5880
0677a,5882
df50a,6636
df50a,6637
df50a,6638
df50a,6852
df50a+f0696,6959
67192,2693
67192,3487
1afc9,2707
1afc9,2975
1afc9,2976
1afc9,2977
f040d,591
f040d,592
f040d,693
f040d,818
eaec7,3813
eaec7,3814
eaec7,3815
eaec7,3816
eaec7,3818
eaec7,4312
eaec7,4314
eaec7,4315
eaec7,4316
eaec7,4317
eaec7,4455
eaec7+6e3d6,4456
eaec7,4804
c3b8a,6097
0c47a+30f20,2772
86e2f,2555
86e2f,2557
86e2f,2807
86e2f+2d221,3606
99fcf+9fe8a,4138
99fcf,4140
99fcf,4345
99fcf,4347
99fcf,4348
99fcf,5199
99fcf,5202
545fb,6784
545fb,7300
545fb,7302
e504f+f2ed7,5498
e504f+f2ed7,5499
e504f+f2ed7,5754
e504f,5755
e38e6,10
e38e6,511
e38e6,1435
e38e6,1436
e38e6,1437
d370e,1715
d370e,1716
d370e,1718
d370e,1849
d370e,1850
d370e,2141
d370e,2149
d370e,2771
d370e,2778
d370e,2779
d370e,2822
d370e,3460
d370e,3461
d370e,3529
d370e,3530
d370e+9300d,3553
d370e,3566
e5505,899
72251+2f851,45
72251,46
72251,107
72251,110
7bd71,6476
7bd71,6604
7bd71,6741
7bd71,6743
7bd71,6931
7bd71,6977
7bd71,6978
75777,4147
75777,4149
75777,4225
75777,4226
75777,4227
e8217+47685,6103
e8217+47685,6104
53e0d,656
53e0d,657
53e0d,661
53e0d,1124
53e0d,1125
53e0d,1576
53e0d,1577
53e0d,1578
53e0d,1579
74f36,2367
74f36,2793
f6be0,5713
48220,896
48220,898
48220,1247
48220,1248
48220,1477
48220,1478
48220,1479
48220,1480
260fb,3619
128f8,6771
128f8,6779
128f8,6780
128f8,6781
128f8+5a014,6814
128f8,6815
128f8,6847
128f8,7136
128f8,7137
128f8,7139
853de,6458
853de,6459
853de,6460
853de,6461
853de,6663
853de,6666
853de,7045
853de,7047
ac94e,2338
f28f8,1859
f28f8,1861
f28f8,1862
f28f8,2717
f28f8,3255
b9e60,2854
734b9,669
734b9,670
734b9,671
734b9,672
734b9,673
734b9,940
734b9,941
ad7da,3962
ad7da,3963
ad7da,3964
ad7da,3965
ad7da,3966
0e8f8,88
0e8f8,89
0e8f8,694
0e8f8,1250
0e8f8,1346
0e8f8,1348
0e8f8,1349
c1a00,6864
61e73+a2596,5231
6345c,5858
6345c,5859
6345c,5861
6345c,5862
6345c+a77d1,5950
6345c+a77d1,5953
6345c+a77d1,5954
6345c,6233
eac11,5265
eac11+58bdd,5266
eac11+0d0b9,5698
eac11,5993
eac11,5994
eac11,5996
eac11+58bdd,5997
eac11,5998
eac11,6075
eac11,6079
eac11,6080
eac11+0d0b9,6257
eac11+0d0b9,6258
eac11,6263
61ad4+3a305,2869
61ad4,2870
85502+219ff,540
85502+14664,646
85502,695
85502,1123
9e3db,6088
4814b,5720
4814b,6019
a8b5f+df951,2430
a8b5f,2519
7646f,5547
2095e,6121
2095e,6122
1a793,6528
1a793,6530
1a793,6531
1a793,6951
1a793,6952
1a793,7130
88bda,2984
88bda,2985
88bda,2988
88bda,3000
88bda,3031
88bda,3032
88bda,3033
88bda,3034
88bda,3035
88bda,3036
88bda,3126
88bda,3127
88bda,3128
88bda,3129
88bda,3158
88bda,3159
88bda,3162
88bda,3163
cb899,1725
cb899,1726
cb899,1806
cb899,1807
cb899,2309
cb899+86a15,2310
cb899,2750
cb899,2751
cb899+86a15,2824
cb899,3581
f0696,6818
f0696,6819
f0696,6957
f0696,7157
66c64,1282
66c64,1283
66c64,1284
66c64,1285
66c64,1554
66c64,1555
66c64,1556
66c64,1558
f172f,4771
f172f,4773
78d12,3731
78d12,3732
78d12,3733
78d12,3734
78d12,3735
78d12,3736
78d12,3994
78d12,4843
78d12,4844
47d2c,7140
47d2c,7141
7a40b,6764
c7c62,5475
c7c62,5733
c7c62,5734
13a30,5446
13a30,5465
13a30,5474
13a30,6147
55e74,3188
38b29,6364
38b29,6365
38b29,6405
38b29,6406
38b29,6413
38b29,6868
38b29+20f2f,6870
39a62,410
39a62+6014e,411
84579,6950
4f6eb+7fecf,6890
cf26e,5633
8134b,2662
8134b,2663
8134b,2916
8134b,2918
8134b,2919
bf41f,2903
bf41f,3052
6bbab,3680
6bbab,3681
6bbab,3682
6bbab,3683
6bbab,3685
6bbab,4514
6bbab,4516
6bbab,5166
6bbab,5167
2e97b,481
2e97b+1a1a3,484
2e97b,485
2e97b,486
2e97b,1426
2e97b,1427
2e97b,1428
2e97b,1429
2e97b,1430
2e97b,1626
2e97b,1627
2e97b,1628
238e8,5912
238e8,5915
238e8,5916
238e8,5917
238e8,6171
238e8,6172
238e8,6173
2d221,1785
2d221,1787
2d221,1788
2d221,1790
2d221,2640
2d221,2806
2d221,2808
2d221,2813
2d221,2948
2d221,3114
2d221,3569
3ce6b+bf4fd,1573
3ce6b,1650
3e35b,4119
3e35b,4120
3e35b,4944
3e35b,4945
3e35b,4946
3e35b,4948
c23d9,1947
c23d9,2033
35f50,5424
35f50,5425
35f50,5426
35f50,5427
a2faf,2435
a2faf,2436
a2faf,2437
a2faf,2438
7707a,3395
87857,5621
87857,5624
87857+f09e3,6102
005fe,2077
005fe,2154
005fe,2155
005fe,2599
005fe,2848
005fe,2849
005fe,3419
9d421,1893
9d421,1894
9d421,2023
9d421,2024
9d421,2641
9c09a,1933
9c09a,2099
9c09a,2342
9c09a,2343
9c09a+65624,3300
9c09a+65624,3301
9c09a+65624,3302
9c09a+65624,3476
9c09a,3503
9c09a,3504
8cd0a,5635
8cd0a,5637
8cd0a,5918
8cd0a,5919
8cd0a,5920
7e527,1980
7e527+324e6,2095
7e527,2096
7e527,2098
7e527,2761
7e527,3204
7e527,3441
7e527,3531
7e527,3532
d3c5a,5377
d3c5a,5378
d3c5a,5379
d3c5a,5380
d3c5a,5381
d3c5a,5382
d3c5a,5911
d3c5a,6036
69a3d,3130
69a3d,3131
3d4d0,6123
ff131,2101
ff131,2102
ff131,2103
ff131,2104
ff131,2502
ff131,2503
ff131,2505
eeaa2,4894
eeaa2,4896
324e6+e51df,2094
324e6,2398
324e6,2400
324e6,2904
324e6,2906
324e6,2907
324e6,2908
eb7bf,2134
eb7bf+c670a,2586
eb7bf,2587
eb7bf,3621
7649f,2524
7649f,2525
7649f,2526
7649f,2527
7649f,2528
7649f,2529
2c844,1660
618f9,5383
89ffb,6553
89ffb,6554
89ffb,6555
89ffb,6556
89ffb,6558
fb1d1,1831
fb1d1,1832
fb1d1,2173
fb1d1,2499
fb1d1,2500
fb1d1,3089
1ab68,3916
1ab68+6ce8e,3918
1ab68,3919
1ab68,3920
1ab68,4777
1ab68,4782
398fa,275
398fa,276
398fa+94a00,1634
398fa,1635
e3a82,6521
e3a82,6523
e3a82,6547
e3a82,6549
e3a82,7004
899cf,2477
899cf,2478
899cf,2479
899cf,2480
899cf,2569
899cf,2570
899cf,2571
899cf,2572
899cf,2573
899cf,2574
899cf,2695
899cf,2699
899cf,2840
899cf,2955
899cf,2957
899cf,3016
899cf,3017
899cf,3019
899cf,3020
899cf,3108
899cf,3111
899cf,3112
899cf,3146
899cf,3148
899cf,3149
899cf,3150
d2a07,7116
4f036,5320
4f036,5322
e91d6,4506
e91d6,4508
e91d6,4509
e91d6+75b7c,4520
e91d6+75b7c,4522
e91d6+75b7c,4523
e91d6,4903
e91d6,4904
e91d6,4906
e91d6,5247
4ab59,4410
4ab59,4656
af396+26aad,2247
2d48c,2794
2d48c,2795
3ecbc,5932
3ecbc,5934
6ec40+88000,5807
6ec40,5809
7266a,3640
7266a,3641
7266a,3642
7266a,4789
7266a,4790
7266a,4791
4751e,15
4751e,16
4751e,17
4751e,773
4751e,774
4751e,778
8f572,3805
8f572,3806
8f572,3807
8f572,4729
b3244+e19da,5503
5bca8,2871
5bca8,2872
946e2,5347
946e2,5879
35cb6,1778
35cb6,2086
35cb6,2088
35cb6,3014
35cb6,3015
35cb6,3270
35cb6,3271
35cb6,3273
35cb6,3274
1b402+b8afb,5480
47cf9,249
47cf9,746
47cf9+05c70,747
47cf9,749
47cf9,750
47cf9,751
47cf9,1130
47cf9,1131
47cf9,1363
47cf9,1364
47cf9,1365
47cf9,1366
47cf9,1367
47cf9,1603
47cf9+a16a8,1605
47cf9,1606
87e4c,1948
71505,5528
71505,6168
f4d4e,5334
f4d4e,6004
f4d4e,6005
0e118,2064
0e118,2065
0e118,2066
0e118,2385
0e118,2386
0e118,2530
0e118,2531
0e118,2532
888cd,6488
aff7a,5588
03875+fa778,83
03875,84
03875,85
03875,631
30f20,1937
30f20,1938
30f20+1e0ac,1939
30f20,2172
30f20,2773
30f20,2956
30f20,2958
30f20,3283
30f20,3284
30f20,3285
30f20,3594
0992e,2050
0992e,2051
0992e+1225a,2052
4729c,5323
4729c,5324
4729c,5325
4729c,5326
4729c,5607
4729c,5608
a7731,4745
a7731,4747
a7731,4869
a7731,4873
0644d,1166
9300d,2000
9300d,3552
d1f31,33
d1f31,34
d1f31,35
7a7e9,6981
142c9+78eaa,3505
92571,2136
92571,2137
92571,2139
92571,3519
92571,3520
0a1d5,2595
f8a22,1954
f8a22,3458
0b41f+2b411,6881
0b41f,6882
0b41f,6883
0b41f,6885
4fda6,444
4fda6,445
4fda6,446
4fda6,447
4fda6,474
4fda6,476
4fda6,830
4fda6,831
4fda6,833
4fda6,834
4fda6,1050
4fda6,1052
4fda6,1053
4fda6,1114
4fda6,1115
4fda6,1116
4fda6,1215
4fda6,1216
4fda6,1217
4fda6,1218
4fda6,1219
4fda6,1668
4fda6,1669
4fda6,1670
4fda6,1671
1250d,5556
1250d,5818
e2244,2005
e2244,2006
e2244,2007
e2244,2008
e2244,2009
e2244+67f81,2638
e2244,2961
e2244,3068
e2244,3069
e2244,3070
f001c+44005,804
f001c,1025
f001c,1026
f001c+44005,1078
b07ba,2045
b07ba,2181
4b47f,5663
4b47f,5664
4b47f,5685
4b47f,5687
4b47f,6220
4b47f,6221
4b47f,6222
4b47f,6223
e119f,170
e119f,171
e119f,172
e119f,175
e119f,233
e119f,235
ea9ec,1196
5c916,5742
5c916,5834
5c916,6022
5c916,6023
a9028,1886
a9028,1887
a9028,1888
a9028,1889
a9028,1890
a9028,1891
a9028,2034
a9028,2122
a9028,2800
a9028,3226
a9028,3466
a9028,3467
a9028,3468
a9028,3470
a64e2,533
a64e2,942
a64e2,976
a64e2,977
a64e2,978
a64e2,1170
a64e2,1171
e7fd9,6887
7a1b6,3771
7a1b6,3772
7a1b6,4814
7a1b6,4815
232fc,333
232fc,334
232fc,1139
232fc,1169
ca464,1845
ca464,1846
ca464,1847
ca464,2461
ca464,2463
ca464,3543
ee694,6225
ee694,6227
ee694,6228
ee694,6229
ee694,6274
b6dfe+d3eac,323
00720,6645
00720,6647
00720,6837
00720,7058
00720,7060
00720,7127
00720,7128
00720,7129
00720,7189
260a3,1698
260a3,1699
260a3,1701
a7d1a,3922
a7d1a,3923
a7d1a,3924
a7d1a,3925
a7d1a,3926
a7d1a,3927
1d6e9,421
1d6e9,470
0e6c4+22f09,1625
904ea,6738
904ea,6740
904ea,6752
e0965,3666
e0965,3667
e0965,3668
e0965,4231
e0965,4232
e0965,4637
e0965,4638
e0965,4639
e0965,5154
e0965,5155
e0965,5156
008f2,6997
008f2+cb0f5,6999
008f2+cb0f5,7000
008f2,7007
008f2,7008
008f2,7009
1f6f4,6403
1f6f4,6672
1f6f4,7048
1f6f4,7050
1f6f4,7064
4999f,1693
4999f,1695
4999f,1696
4999f,1697
4999f,2256
4999f,2257
a70b8,6397
a70b8,6844
8e74e,5819
8e74e,5820
8e74e,6024
8e74e,6026
8e74e,6027
8e74e,6029
8e74e,6067
8e74e,6068
d4889,5434
d4889,6116
0b1c5,5340
0b1c5,5831
0b1c5,6238
0b1c5,6268
13cab,7202
13cab,7253
13cab,7254
13cab,7255
74a6a,5299
74a6a,5300
74a6a,5302
74a6a,5643
74a6a,6251
74a6a,6252
0d0b9,5699
0d0b9,5700
0d0b9,5701
0d0b9,5702
0d0b9,5893
0d0b9+5cbb8,5897
0d0b9,6260
0d0b9,6261
0d0b9,6262
db2b7+4a13e,5292
db2b7+4a13e,5293
db2b7+4a13e,5294
db2b7,5824
db2b7,5825
32e05,3508
32e05,3509
32e05,3510
32e05,3511
0ce86,6694
0ce86,6696
0ce86,6719
0ce86,6843
0ce86,7117
0ce86+655d6,7327
a96fa,5864
a76d8,357
a76d8,379
a76d8,382
a76d8,397
a76d8,398
a76d8,399
a76d8,1288
a76d8+6c5bf,1289
315dc,82
315dc,326
315dc,811
315dc,1268
315dc,1269
315dc,1270
315dc,1271
315dc,1272
a3d12,6851
374f8+bc252,3454
86a15,1724
86a15,2305
86a15,2307
86a15,2308
86a15,2719
86a15,2720
86a15,2721
86a15,2722
86a15,2723
86a15,2724
86a15,2752
86a15,2826
86a15,3260
86a15,3580
b25ac,6106
a7ceb,674
b3545,3657
b3545,3658
b3545,4340
b3545,4341
b3545,4342
b3545,4343
b3545,4344
b3545,4488
b3545,4489
b3545,4490
b3545,4491
b3545,4492
b3545,4688
b3545,4898
eb3ab,58
eb3ab,874
eb3ab,875
eb3ab+33e3e,1012
eb3ab,1013
eb3ab,1665
eb3ab,1666
f87d2,624
f87d2,625
f87d2,627
f87d2,763
f87d2,935
f87d2,936
f87d2,937
f87d2,967
f87d2,968
f87d2,969
f87d2,970
f87d2,972
f87d2,1488
fd50d,6806
fd50d,6807
39ea6,4094
39ea6,4095
39ea6,4254
39ea6,4802
39ea6,5193
39ea6,5194
39ea6,5226
175f5,6296
175f5,6297
175f5,6298
12a56,4649
f4bc3+e7435,794
fcf2b,3223
fcf2b,3225
f6655,1796
f2eb7,1224
f2eb7,1225
f2eb7,1226
44d2c,4434
44d2c,4670
44d2c,4672
44d2c,4674
44d2c,4918
47685,5760
47685,5762
47685,5763
47685,6035
728c9,4334
728c9,4335
728c9,4336
728c9,4337
728c9,4338
728c9,4339
728c9,4384
728c9,4385
98666,6107
80318,3591
393fe,5400
393fe,5402
393fe,5403
393fe,5404
393fe,5549
393fe,5551
27ed8,6720
27ed8,7098
27ed8,7099
27ed8,7101
27ed8,7103
04867,218
04867,454
04867,504
04867,506
04867,799
04867,919
04867,922
04867,938
04867,958
04867,1072
04867,1073
04867,1074
04867,1075
04867,1076
04867,1077
04867,1141
04867+17d1f,1187
04867,1188
04867,1335
04867,1337
04867,1469
04867,1470
04867,1484
3481c,1740
3481c,1741
3481c,1742
3481c,1910
3481c,2035
3481c,2036
3481c,2037
3481c,2038
3481c,2089
3481c,2090
3481c,2175
3481c,2176
3481c,2177
3481c,2178
3481c,2511
3481c,2512
3481c,2513
3481c,2514
3481c,2613
3481c,2774
3481c,2775
3481c,2776
3481c,2777
3481c,2831
3481c,2832
3481c,2833
3481c,2835
3481c,3078
3481c,3081
3481c,3082
3481c,3083
3481c,3230
3481c,3245
3481c,3246
3481c,3247
3481c,3248
3481c,3249
3481c,3250
3481c,3252
3481c,3449
3481c,3450
84cba,2469
84cba+dda71,2971
84cba+98949,2972
84cba,2973
4a400,268
4a400,269
4a400,548
4a400,549
4a400,1529
4a400,1531
4a400+16dd2,1532
56672,5756
56672,5757
56672,5758
b7d5c,2727
b7d5c,2728
b7d5c,2729
b7d5c,2730
7de97,5949
421fa,7082
421fa,7084
421fa,7085
421fa,7086
6dc18,7015
a8607,6790
a8607,6791
a8607,6792
a8607,6826
a8607,6975
e5b5f,5352
e5b5f,5353
e5b5f,5354
e5b5f,5355
e5b5f,5356
e5b5f,5357
ee272,31
ee272,554
ee272,555
ee272,556
ee272,1143
ee272,1144
ee272,1145
ee272,1146
ee272,1228
ee272,1229
ee272,1342
ee272,1344
32930,5275
9324a,910
ebcb7,2320
ebcb7,2321
ebcb7,2322
ebcb7,2378
ebcb7,2380
ebcb7,3330
ebcb7,3377
ebcb7,3378
ebcb7,3486
2b5bf,4913
75b7c,4507
75b7c,4521
75b7c,5246
75b7c,5248
75b7c,5249
6ac8d,7053
6ac8d,7056
6ac8d,7192
be1ae,5865
e2cf7,4701
e2cf7,4732
c0e01,3810
05a7c,6277
05a7c,6278
05a7c+e5b6a,6279
05a7c,6280
8a834+23e86,4908
711c9,822
0aa46+4ab85,7078
0aa46+4ab85,7080
a1b28,374
a1b28,375
a1b28,1001
a1b28,1002
a1b28,1003
6a238,835
6a238,838
6a238+d0f88,868
6a238,1028
6a238,1031
e5a9c,6239
655d6,6722
655d6,7119
655d6,7148
655d6,7154
655d6,7155
655d6,7156
655d6,7326
ffde0,3706
ffde0,4285
8c0cc,1774
8c0cc,1775
8c0cc,1776
8c0cc,1777
8c0cc,2215
b0b5e,4144
b0b5e,4603
b0b5e,4604
b0b5e,4605
b0b5e,4626
b0b5e,4937
bf4fd,256
bf4fd,257
bf4fd,412
bf4fd,462
bf4fd,478
bf4fd,480
bf4fd,662
bf4fd+1fc67,676
bf4fd,677
bf4fd,679
bf4fd,1027
bf4fd,1122
bf4fd,1199
bf4fd,1649
bf4fd,1651
bf4fd,1667
86e43,244
86e43,619
86e43+a28fe,915
2d0ef,1855
2d0ef,2115
2d0ef,2576
7b6f0,1293
7b6f0,1294
38086,36
38086,553
38086,889
38086,944
38086,1647
38086,1648
e64d8,6761
9668f,6683
9668f,6684
9668f,6687
9668f,7171
9668f,7172
9668f,7173
9668f,7174
9668f,7175
92039,1
70f9f,5443
70f9f,5444
70f9f,5445
70f9f,5514
70f9f,5515
70f9f,5516
70f9f,5517
70f9f,5519
70f9f+b13db,5704
70f9f+cec8e,5706
70f9f,6157
70f9f,6158
70f9f,6159
70f9f,6160
70f9f,6161
d15bf,6422
d15bf,6423
d15bf,6425
d15bf,6711
d15bf,6712
d15bf,6713
d15bf,7104
d15bf,7105
d15bf,7106
d15bf,7107
d15bf,7108
e93b9,3847
e93b9,3848
e93b9,3849
e93b9,4534
e93b9,5245
4b12e,843
4b12e,844
4b12e,1338
4b12e,1340
4b12e,1402
4b12e,1403
4b12e,1404
fc010,5711
fc010,5835
fc010,5836
53839,4033
53839,4034
53839,4035
53839,4036
53839,4037
53839,4681
53839,4683
53839,4684
53839,4685
53839,4691
53839,4692
53839,4693
53839,4694
53839,5009
53839,5010
53839,5011
53839,5012
53839,5013
cdfb5,6578
cdfb5,6579
cdfb5,6580
cdfb5,7269
cdfb5,7270
cdfb5,7272
9a3b9,6707
9a3b9,6709
48d0d+bb9bf,3766
48d0d+bb9bf,3767
48d0d,4053
48d0d,4054
48d0d,4055
48d0d,4056
48d0d,4057
48d0d,4783
48d0d,4784
48d0d+bb9bf,4785
48d0d,4786
48d0d,4787
48d0d,4788
48d0d,5189
48d0d,5190
48d0d,5191
48d0d,5192
bce51,6018
200d3,5457
707fb,2193
707fb,2194
707fb,2195
707fb,3065
d2823,6450
d2823,6451
d2823,7164
d2823,7265
a846e,1657
1e507,5696
02160,330
02160,331
02160,655
02160,702
02160+13ecf,703
02160,704
02160+13ecf,705
02160,706
02160,824
02160,825
02160,826
02160,827
02160,828
02160,1580
02160+ae676,1583
cb0e7,2041
cb0e7,2043
cb0e7,2044
cb0e7,2388
cb0e7,2389
cb0e7,2441
cb0e7,2442
cb0e7,2443
cb0e7,2506
cb0e7,2507
cb0e7,2508
cb0e7,2652
cb0e7,2653
cb0e7,2820
cb0e7,2922
cb0e7,2923
cb0e7,2924
cb0e7,2925
cb0e7,2938
cb0e7,2940
cb0e7,2941
cb0e7,3309
cb0e7,3310
d13c0,1897
d13c0,3331
c94f1+c19b5,4497
c94f1+c19b5,4499
740a4,2434
740a4,3087
740a4,3088
26725,2583
26725,2584
26725,2585
26725,2895
26725,2896
26725,2897
26725,2898
26725,2899
26725,3094
c120e+0a664,772
c120e,979
c120e,980
fd482,6256
87e27,4291
17fc9,3995
17fc9,3996
17fc9,3997
17fc9,3999
40645+f4e9a,2202
40645+f4e9a,2203
d6192,2609
d6192,3550
d6192,3551
91c1d,5348
370c9,4298
878be,3661
878be,3663
2f851,108
d354e,3727
d354e,3728
d354e,3730
d354e,3967
d354e,3970
d354e,4330
d354e+2ce52,4331
d354e+2ce52,4332
d354e,4576
d354e,4577
d354e,4578
d354e,4579
d354e,5162
d354e,5241
d354e,5242
d354e,5243
d354e,5244
0a76e,4393
63409,6164
63409,6165
b516c,6322
b516c,6323
b516c,6324
b516c,6325
b516c+6c81d,6340
b516c,6511
b516c,6512
b516c,6513
b516c,6515
b516c,6516
b516c,6618
b516c,6619
b516c,6655
b516c,6656
b516c,6658
d42cf,3737
d42cf,3739
d42cf+43df5,5258
4b6b1,5512
4b6b1,6073
4b6b1,6074
dd344,5565
c1da3,2254
c1da3,2462
c1da3,2713
c1da3,2714
c1da3,2715
c1da3,2858
c1da3,2859
1c1b9,1955
1c1b9,3457
9d52e,2246
9d52e,2853
9d52e,2855
9d52e,2856
9d52e,3164
9d52e,3166
cb0e1,96
cb0e1,613
cb0e1,615
cb0e1,1618
cb0e1,1620
cb0e1,1621
cb0e1,1622
25432,5710
ceac6,117
ceac6,1106
ceac6,1110
ceac6,1494
5598e+44d65,6317
5598e,7278
4ab85,7094
4ab85,7095
4ab85,7110
4ab85,7111
4ab85,7112
4ab85,7113
4ab85,7115
11923,456
11923,458
11923,459
11923+1c964,1329
0e9b0,5524
0e9b0,5527
0e9b0,5586
61c22,6589
61c22,6590
61c22,6592
b01f9+1d374,284
27604,1962
27604,1963
27604,1964
27604,2670
27604,2671
27604,3195
27604+455fd,3216
26be3,2687
26be3,2768
26be3,2819
e84a7,12
e84a7,543
48a0f,5483
48a0f,5484
48a0f,5485
48a0f,5486
48a0f,5487
48a0f,5781
48a0f,5782
48a0f,5783
48a0f,5784
48a0f,5786
b2a94,2395
b2a94,2397
b2a94,3338
b2a94,3339
b2a94,3340
927cf,2331
927cf,2657
927cf,2658
927cf,2659
927cf,2660
927cf,3554
927cf,3555
fa421+7fba1,5371
fa421+7fba1,5373
fa421,5405
fa421,5597
fa421,5598
73ceb,3362
73ceb,3363
8b528+9d575,473
b2de1,4
b2de1,5
b2de1,6
b2de1,7
b2de1,8
b2de1,9
b2de1,66
b2de1+f1622,1262
b2de1+f1622,1263
b2de1,1264
57ee6,6326
57ee6,6328
57ee6,6723
57ee6,6724
57ee6,7309
57ee6,7310
57ee6,7311
51cb0,230
51cb0,872
51cb0,974
51cb0,975
51cb0,1373
51cb0,1561
892a1,1911
892a1,1912
892a1,1913
892a1,2237
892a1,2238
892a1,2753
892a1,2754
892a1,2983
892a1,3275
892a1,3277
892a1,3603
892a1,3604
5f949,5044
5f949,5045
5f949,5046
5f949,5047
5f949,5048
5f949,5049
5f949,5129
5f949,5130
5f949,5132
5f949,5133
5f949,5134
d3eac,1295
d3eac,1296
d3eac,1298
d3eac,1299
487cc,1703
487cc,1829
487cc,1992
a89e6,594
a89e6,1443
a89e6,1444
afec9,3664
afec9,3749
afec9,3750
afec9,3751
afec9,4110
afec9,4402
afec9,4634
afec9,4635
afec9,4838
afec9,4839
afec9,4860
afec9,4861
afec9,5077
afec9,5078
afec9,5123
ad4ed,6092
ad4ed,6093
e9fa0,5771
8d9f2,2445
8d9f2,2718
8d9f2,3203
922de,765
922de,766
922de,798
922de+d4e7c,800
d19db,358
d19db,359
d19db+6063b,490
d19db,491
d19db,564
d19db,1045
d19db,1046
29761,2565
6fb0c,5477
6fb0c,5478
6fb0c,5481
7538c,5284
7538c,5339
7538c,5555
7538c,5692
9a7a6,5679
9a7a6+862dd,5969
6cffd+8cb55,1008
6cffd+8cb55,1317
4590f,125
4590f+75996,494
4590f,498
4590f+75996,499
4590f,984
4590f,986
f21b3,49
f21b3,199
f21b3,200
f21b3,413
f21b3,415
f21b3,429
f21b3,430
f21b3,512
f21b3,513
f21b3,514
f21b3,515
f21b3,516
f21b3,517
f21b3,611
f21b3,612
f21b3,1423
f21b3,1424
f21b3,1425
f21b3,1526
f21b3,1527
3258d,3327
3258d,3328
3258d,3335
3258d,3336
3258d,3337
1d732,2234
1d732+ffdbf,2601
1d732,2602
1d732,2603
1d732+ffdbf,3051
d2106,2464
d2106,3389
d2106,3390
5ffd2,1743
5ffd2,1744
5ffd2,1745
5ffd2,1746
5ffd2,2030
5ffd2,2031
5ffd2,2401
5ffd2,2402
5ffd2,2403
5ffd2,2404
5ffd2,3173
5ffd2,3175
5ffd2,3599
23a34,5657
23a34,5658
23a34,5659
23a34,5787
23a34,6234
23a34,6235
23a34,6236
23a34,6237
5c658+66469,3948
5c658+66469,3950
ec3d8,1811
ec3d8,1812
ec3d8,1813
ec3d8,1814
ec3d8,1815
ec3d8,1860
ec3d8,2521
ec3d8,2523
ec3d8,2740
ec3d8,2741
ec3d8,2885
ec3d8,3253
ec3d8,3254
ec3d8,3373
ec3d8,3374
ec3d8,3375
ec3d8,3376
e2334,1733
6c1ac,5417
6c1ac,5419
6c1ac,5420
6c1ac,5421
6c1ac,5422
6c1ac,5489
6c1ac,5490
6c1ac,5491
6c1ac,5492
6c1ac,5493
6c1ac,5580
6c1ac,5581
6c1ac,5582
6c1ac,5584
6c1ac,5591
6c1ac,5592
6c1ac,5593
6c1ac,5594
6c1ac,5596
6c1ac,5945
6c1ac,6031
6c1ac,6034
6c1ac,6127
6c1ac,6128
6c1ac,6129
6c1ac,6130
6c1ac,6286
6c1ac+66c43,6287
6c1ac,6288
81228,6956
f8256,5767
f8256,5768
f8256,6232
d2ed0,5572
d2ed0,5573
d2ed0,5574
d2ed0,5642
d2ed0,5853
70b20,5062
70b20,5065
70b20,5066
70b20,5067
ec37f,7165
07ea2,5789
1bfad,3928
1bfad,3929
1bfad,4526
1bfad,4528
c7ac7,173
c7ac7,174
c7ac7,234
c7ac7,529
c7ac7,1147
c7ac7,1148
c7ac7,1150
c7ac7,1151
0932c,6038
0932c,6039
0932c,6170
c623b,3753
c623b,3754
c623b,3755
c623b,4180
c623b,4322
c623b,4721
c623b,4722
dd867,6624
dd867,6625
8aa05,4264
49bc5,394
49bc5+b0028,570
49bc5+b0028,1681
49bc5+b0028,1682
2d6ad,5604
72a8f+43ed6,3724
72a8f,3978
72a8f,4241
72a8f,4245
72a8f+43ed6,4413
72a8f,4414
72a8f,4756
2acd2+ff961,7243
8c8f4,4386
8c8f4,4387
8c8f4,4388
04e52,7203
04e52,7289
04e52,7290
04e52,7291
18ac3,5697
18ac3,6090
18ac3,6091
18ac3,6183
18ac3,6184
a419f,384
a419f,385
a419f,601
a419f,680
a419f,681
a419f,717
a419f,900
a1bff,4535
a1bff,4536
1a1a3,952
1a1a3,953
1a1a3,954
1a1a3,955
a0d77,6436
a0d77,6920
a0d77,6921
a0d77,7143
a0d77,7145
a0d77,7248
a0d77,7250
e77b9,223
e77b9,718
ae676,70
ae676,71
ae676,72
ae676,304
ae676,305
ae676,307
ae676,308
ae676,309
ae676,388
ae676,581
ae676,582
ae676,688
ae676,689
ae676,690
ae676,691
ae676,692
ae676,1089
ae676,1091
ae676,1093
ae676,1094
ae676,1350
ae676,1351
ae676,1397
ae676,1399
ae676,1400
ae676,1401
ae676+33d57,1418
ae676,1419
ae676,1490
ae676,1491
ae676,1492
ae676,1502
ae676,1503
ae676,1582
02248+ba2fa,3945
02248,3974
64200,6494
64200,6495
64200,6496
64200,6497
64200,6855
64200,6856
64200,7180
f4e9a,1709
f4e9a,2204
f4e9a,2205
f4e9a+9b6c8,2206
73d63,4096
73d63,4097
73d63,4098
73d63,4099
73d63,4100
73d63,4101
73d63,4762
3c5d3,327
80708,3675
80708,3878
80708,3879
80708,3910
80708,3911
80708,4233
80708,4234
80708+e6dad,5187
80708+e6dad,5188
4293d,5739
4293d,6240
5a203,6353
5a203+5a014,6382
5a203,6383
5a203,6468
5a203,6598
5a203,7170
07d47,5634
7fecf,6369
7fecf,6370
7fecf,6372
7fecf,6374
7fecf,6841
7fecf,6888
7fecf,6889
815fb,60
815fb,443
815fb,696
815fb,1035
815fb+ca70b,1184
d1283,3877
02694,682
02694,683
02694,684
02694,685
02694,686
02694,725
02694,927
02694+04eac,1060
02694,1061
02694,1323
02694,1324
02694,1325
02694,1326
02694,1328
02694,1516
d6606,4102
d6606,4103
d6606,4816
d6606,4818
d6606,4820
d15ae,5406
d15ae,5822
d15ae,5823
cf193,3873
cf193,3874
cf193,5100
cf193,5101
7ef12,4142
ba385+e51df,1877
ba385,1878
ba385+e51df,1879
ba385+e51df,2133
ba385,2411
125a5,6385
125a5,6386
5a014,6351
5a014,6469
5a014,6846
5a014,7169
5a014,7222
5a014,7223
76c70,5470
3d355,1018
3d355,1019
3d355,1020
3d355,1021
7dd5e,5262
7dd5e,5263
84e6e,5653
84e6e,5655
84e6e,5656
84e6e,5877
84e6e,5878
84e6e,6054
84e6e,6055
84e6e,6056
84e6e,6057
7478e,2335
7478e,3152
7478e,3153
32c84,3856
32c84,3857
32c84,3858
32c84,3859
32c84,3860
32c84,4305
32c84,4373
32c84,4375
32c84,4376
32c84,4377
32c84,4378
32c84,4960
f9e47,353
f9e47+8fcb8,354
586a4,6194
2f797,4187
2f797,4188
2f797,4863
2f797,5069
2f797,5070
2f797,5071
2f797,5072
943d3,6375
943d3,6376
943d3,6401
943d3,6402
943d3,6585
943d3,6586
943d3,6588
943d3,7219
943d3,7220
943d3,7332
485ab+dcc46,2501
c35b8,2019
c35b8,2021
c35b8,2022
c35b8,2053
c35b8,2054
c35b8,2838
c35b8+9f786,2839
c35b8,3264
c35b8,3265
c35b8,3492
c35b8,3493
63eda,165
63eda,1332
31df3,3784
de780,2373
f79ce,2093
f79ce,2116
f79ce,3618
20f2f,6865
20f2f,6867
20f2f,6869
f4d66,3756
2f1a8,5599
2f1a8,5602
2f1a8,5603
2f1a8,5708
2f1a8,6179
2f1a8,6180
2f1a8,6181
cad07,5788
342a6,6308
342a6,6455
342a6+c6d1f,6635
342a6,6849
342a6,6967
342a6+c6d1f,6968
342a6,7035
342a6,7036
342a6,7062
342a6,7063
caba7,4287
caba7,4288
43d57,2159
43d57,2608
2f1fb,2598
2f1fb,3514
6de7b,3652
6de7b,3653
6de7b,3654
6de7b,4877
6de7b+bb24e,4901
6de7b,5227
6de7b,5229
b57e6,4555
b57e6,4556
b57e6,4557
b57e6,4558
b57e6,4559
b57e6,4560
b57e6,4974
b57e6,4975
b57e6,4976
b57e6,4977
fe8c7,4481
543cc,3691
543cc,3692
543cc,3693
543cc,3694
543cc,3695
543cc,3696
543cc,3802
543cc,3803
543cc,4327
543cc,4427
543cc,4678
543cc,4754
543cc,4755
543cc,4886
543cc,4887
543cc,4891
543cc,4949
543cc,4950
543cc,4951
543cc,4952
543cc,4953
60bd5,781
60bd5,782
60bd5,1266
43395,4482
43395,4484
43395,4485
43395,4486
43395,4487
738c6,6714
738c6,6715
738c6+180cf,7002
e0d5e,145
e0d5e,194
e0d5e,195
2f15b,6447
2f15b,6448
2f15b,6606
2f15b,6757
2f15b,6758
2f15b,6759
2f15b,6916
2f15b,6917
2f15b,6919
2f15b,7010
2f15b,7303
2f15b,7304
2f15b,7305
2f15b,7306
a1d3d,2428
a1d3d,3098
a1d3d,3099
a1d3d,3100
aea53,3882
aea53,3883
04eac,726
04eac,1518
0c691,6407
0c691,6408
0c691,6409
0c691,6410
0c691,6412
0c691,6595
0c691,7006
0c691,7037
84de1+bb0c0,3781
84de1,3782
84de1,3783
84de1,4879
84de1+bb0c0,4880
43f3e,297
15404,1864
15404,1867
15404,1965
15404,1966
15404,1967
15404,1968
15404,2001
15404,2002
15404,2003
15404,2004
15404,2015
15404,2016
15404,2017
15404,2117
15404,2118
15404,2217
15404,2218
15404,2219
15404,2220
15404,2221
15404,2364
15404,2365
15404,2366
15404,2558
15404,2559
15404,2560
15404,2561
15404,2562
15404,3206
15404,3207
15404,3208
15404,3209
15404,3210
6e3d6,3769
6e3d6,3770
6e3d6,3823
6e3d6,3824
6e3d6,3825
6e3d6,3826
6e3d6,4090
6e3d6,4453
e19da,5504
cbe73+9c7d2,3513
f8a2a,6415
f8a2a,6768
f8a2a+eccf9,6769
f3885,907
f3885,908
f3885,909
50cbf,5808
dfd72,6953
58eff,3636
58eff,3637
58eff,3638
58eff,3639
54d66,5589
54d66+17a8a,5817
cb0f5,6357
cb0f5,6361
cb0f5,6535
cb0f5,6536
cb0f5,6537
cb0f5,6538
cb0f5,6582
cb0f5,6583
cb0f5,6700
cb0f5,6702
cb0f5,6733
cb0f5,6734
cb0f5,6735
cb0f5,6736
cb0f5,6785
cb0f5,6786
cb0f5,6788
cb0f5,6857
cb0f5,6858
cb0f5,6859
cb0f5,6861
cb0f5,6879
cb0f5,6937
cb0f5,6938
cb0f5,6941
cb0f5,7096
cb0f5,7097
cb0f5,7320
cb0f5,7321
cb0f5,7322
cb0f5,7323
cb0f5,7324
7644f,5558
7644f+90471,5560
7644f,5979
7644f,5983
b00d6,6729
882f6,2534
882f6,2535
882f6+3d983,2537
882f6,2538
882f6,2798
882f6+3d983,2842
882f6,2843
882f6,2845
2bc73,1801
2bc73,2058
2bc73,2059
2bc73,2425
2bc73,2427
2bc73,2874
2bc73,3440
2bc73,3528
44005,1079
44005,1127
44005,1128
44005,1129
47271,5890
47271,5891
47271,5892
d4dcf,6230
d4dcf,6231
ac8df,1756
ac8df,1757
ac8df,1758
ac8df,1759
ac8df,2328
ac8df,2645
fba3a,5466
ddf64,228
ddf64,229
ddf64,887
ddf64,1586
ddf64,1587
ddf64,1588
782dc,3740
782dc,3741
782dc,3742
782dc,3743
782dc,4283
782dc,4284
782dc,4668
782dc,4711
02f8a,6188
02f8a,6190
02f8a,6191
fb8c4,420
a2596,4025
a2596,4026
a2596,4199
a2596,5102
a2596,5104
26aad,3165
df5a9,1362
faa27,5902
7f0c5,2123
7f0c5,2649
7f0c5,3465
7f0c5,3469
7f0c5,3473
7f0c5,3474
c7ee6,3745
f6b64,6398
f6b64,6400
f6b64,6416
f6b64,6417
f6b64,6489
f6b64+99600,6544
f6b64,6545
f6b64,6546
e3165,5291
c53f3,1926
c53f3,1927
c53f3,1928
c53f3,1929
c53f3,1930
c53f3,3356
c53f3,3357
c53f3,3358
c53f3,3360
c53f3,3361
51c8a,2913
51c8a,2914
51c8a,2915
51c8a,3317
51c8a,3318
d0f88,121
d0f88,122
d0f88,253
d0f88,254
d0f88,255
d0f88,837
d0f88,839
d0f88,840
d0f88,869
d0f88,870
d0f88,871
d0f88,1029
d0f88,1030
d0f88,1253
32407,2039
32407,2040
32407,2432
32407,2433
32407,2716
32407,3609
436e1+60f3c,2164
436e1,2166
436e1,2167
436e1,2168
436e1,3365
4463a,1804
4463a,1805
4463a,1810
4463a,1820
4463a,1822
4463a,2329
4463a,2348
4463a+92cbb,2877
4463a,3048
4463a,3218
4463a,3220
4463a,3227
4463a,3228
4463a,3294
4463a+fefa0,3535
4463a,3617
c3cd0+182c3,2304
c3cd0,2688
c3cd0,2769
c3cd0,2817
c3cd0,2818
35c37,5335
35c37,5336
35c37,5337
35c37,5338
35c37,5534
35c37,5535
35c37,5536
35c37,5537
35c37,5799
35c37,5800
35c37,5802
35c37,5829
35c37,6109
35c37,6110
35c37,6111
35c37,6112
35c37,6113
45a93+1c08c,2361
45a93,2363
45a93,2543
45a93,2544
4bde6+1c08c,2362
4bde6,3193
4bde6,3194
82a68,3875
82a68,4235
82a68,4458
82a68,4459
82a68,4460
82a68,4461
82a68,4830
82a68,4831
82a68,4832
82a68,4833
82a68,4834
82a68,4835
82a68,4850
82a68,5040
82a68,5041
f2ed7,5431
f2ed7,5433
f2ed7,5753
bb0c0,3985
bb0c0,3986
bb0c0,3987
bb0c0,3988
bb0c0,4463
1d696,5435
1d696,5436
1d696,5437
1d696,5439
1d696,6098
1d696,6186
d5941+1991a,2157
d5941,2226
d5941,2227
5facc+509e3,1834
1d374,131
1d374,133
1d374,449
1d374,450
1d374,451
1d374,452
1d374,453
1d374,535
1d374,536
1d374,710
1d374,711
1d374,712
1d374,713
1d374+558ac,752
1d374,753
1d374,755
1d374,785
1d374,807
1d374,808
1d374,1097
1d374,1099
1d374,1210
1d374,1652
1d374,1654
7eb3a,630
7eb3a,1152
7eb3a,1153
7eb3a,1154
7eb3a,1631
7eb3a,1632
73bf7+2950f,2650
73bf7,3054
73bf7,3056
a3ed2,6329
a3ed2,7124
a3ed2,7125
e0063,93
e0063,614
94a00,392
94a00,393
94a00,817
94a00,1633
e0c43,3321
e0c43,3322
e0c43,3323
7145a,1848
7145a,2142
7145a,2143
7145a,2823
a98e0,3576
a98e0,3577
a98e0,3578
a98e0,3579
da5fe,1830
14664,542
14664,647
5c4fa,14
440bb,2333
b7609,6526
b7609,6972
b7609,6973
b7609,6974
b7609,7012
b7609,7014
b7609,7177
b7609,7178
b7609,7179
b7609,7275
b7609,7276
17d1f,292
17d1f,293
17d1f,294
17d1f,295
17d1f,342
17d1f,502
17d1f,503
17d1f,577
17d1f,583
17d1f,920
17d1f,921
17d1f,1185
17d1f,1200
17d1f,1201
17d1f,1483
17d1f,1486
17d1f,1487
19944,1907
19944,1908
19944,1909
19944,2124
19944,2125
19944,2297
19944,2298
19944,2299
19944,2300
19944,2678
19944,2679
13e72,368
13e72,369
13e72,370
13e72,371
13e72,372
13e72,373
13e72,1439
13e72,1440
13e72,1441
13e72,1442
aa355,1717
5c120,5539
5c120,5775
5c120,5776
5c120,5777
5c120,5778
5c120,5779
5c120,5780
dd795,6990
b0028,396
b0028,464
b0028,465
b0028,466
b0028,467
b0028,468
b0028,567
b0028,568
b0028,569
b0028,571
b0028,701
b0028,1278
b0028,1304
b0028,1305
b0028,1683
b0028,1685
b0028,1686
048eb,1979
048eb,2444
048eb,2615
048eb,2616
048eb,2617
048eb,2709
048eb,2710
048eb,2712
e7a52,6271
e7a52,6272
e7a52,6273
03517,2239
03517,2240
03517,2241
03517,2291
03517,2292
03517,2770
03517,2863
03517,3004
03517,3392
03517,3393
03517,3394
1ebeb,3471
1ebeb+42989,3472
1ebeb,3482
1ebeb,3484
134e4,4867
134e4,5020
5ae3a,5310
5ae3a,5311
5ae3a,5312
5ae3a,5313
5ae3a,5314
5ae3a,5315
5ae3a,5316
5ae3a,5317
5ae3a,5319
5ae3a,5774
44419,3896
44419,3897
44419,3898
44419,3899
2c869,6607
33d57,135
33d57,136
33d57,137
33d57,138
33d57,518
33d57,649
33d57,653
33d57,654
33d57,987
33d57,988
33d57,990
33d57,991
33d57,992
33d57,1037
33d57,1038
33d57,1039
33d57,1132
33d57,1134
33d57,1135
33d57,1157
33d57,1158
33d57,1161
33d57,1506
33d57,1507
33d57,1547
33d57,1548
33d57,1549
33d57,1550
33d57,1551
33d57,1552
33d57,1596
33d57,1598
33d57,1599
c3d49,1320
18dd0,6650
7b71b,5907
7b71b,6000
1cf43,3982
1cf43,4398
1cf43,4679
1cf43,4926
1f3c0,5921
1f3c0,5922
fbe98,2062
fbe98,2636
8641e,4109
8641e,4111
8641e,4112
8641e+16f17,4623
8641e+16f17,4624
8641e,4653
18b22,27
18b22,28
18b22,30
18b22,47
18b22,59
18b22,530
18b22,531
397d2+82d73,3840
397d2,3841
397d2,3843
6d444,4884
6d444,4885
85252,2539
85252,2540
85252,2827
85252,2828
85252,2829
85252,3423
85252,3424
85252,3425
85252,3426
85252,3626
85252,3627
85252,3628
85252,3629
3a8ef,6594
3a8ef,6904
9d575,471
9d575,472
6c5bf,61
6c5bf,186
6c5bf,188
6c5bf,190
6c5bf,278
6c5bf,279
6c5bf,281
6c5bf,356
6c5bf,380
7d633,5430
f069d,6348
f069d,6350
1d088,149
1d088,150
1d088,288
1d088,290
1d088,544
1d088,545
1d088,846
1d088,1207
1d088,1208
1d088,1471
1d088,1472
1d088,1473
1d088,1474
11b17,97
11b17,98
11b17,100
11b17,934
11b17,1519
11b17,1521
11b17,1522
4a13e,5295
4a13e,5410
3484d,5303
3484d,5305
3484d,5306
3484d,5307
3484d,5688
3484d,5810
3484d,5811
3484d,5812
3484d,5814
3484d,6096
35e18,2191
35e18,2495
35e18,2496
69a91,319
69a91,320
69a91,500
69a91,1656
cb914,3762
cb914,4519
a0bed,4618
a0bed,4775
a0bed,4776
2c156,376
2c156,805
ec148,1000
ec148,1322
c5959,6770
c5959,7206
c5959,7224
c5959,7225
9b719+ca2ba,5345
9b719,5682
9b719,5683
9b719,5973
9b719+ca2ba,6206
9b719+ca2ba,6207
fc4f7,5689
fc4f7,5693
9eaa3,5540
9eaa3,5541
9eaa3,5542
9eaa3,5543
9eaa3,5766
9eaa3,6143
9eaa3,6144
9eaa3,6145
9eaa3,6146
e0eed,3934
e0eed,3936
e0eed,4420
2c5fe,5826
46e9e,3303
46e9e,3304
46e9e,3305
46e9e,3306
46e9e,3307
46e9e,3308
98d1c,2243
98d1c,2566
50bea,3296
45c85,153
45c85,154
45c85,240
45c85+2be8f,241
45c85,242
45c85,310
45c85,876
45c85+2be8f,878
45c85,917
45c85,918
45c85,1016
45c85,1017
45c85,1273
45c85,1275
45c85,1536
45c85,1537
45c85,1538
28f66,6426
082ee,6025
082ee,6028
9f1f1,4151
9f1f1,4156
9f1f1,4158
9f1f1,4159
9f1f1,4160
68f0e,37
78eaa,3507
cae52,5827
19193,2275
19193,2276
19193,2612
19193,2802
19193,2803
19193,2804
19193+0e409,2805
19193+455fd,3080
19193,3597
c19b5,4495
c19b5,4498
c19b5,4500
c19b5,5237
c19b5,5238
c19b5,5239
9c7d2,1914
9c7d2,1916
9c7d2,2272
9c7d2,2273
9c7d2,2407
9c7d2+d111c,2498
9c7d2,2597
9c7d2,2604
9c7d2,2814
9c7d2,2815
9c7d2,3066
9c7d2,3067
9c7d2,3262
9c7d2,3263
9c7d2,3432
9c7d2,3433
9c7d2,3512
9c7d2,3515
9c7d2,3587
9c7d2,3588
9c7d2,3589
8a219,6976
8a219,6980
6cef2,5650
6cef2,5651
6cef2,5868
6cef2,5869
6cef2,5871
9178f+b26a9,1084
9178f,1408
9178f,1409
9178f,1410
9178f,1411
9178f,1413
ba550,2393
76dff,6289
76dff,6290
76dff,6291
76dff,6292
103c1,1961
3c15d,5476
3c15d,5870
3c15d,5872
3c15d,5873
3c15d,6016
3c15d,6017
fb753+9e707,4547
fb753+9e707,4548
fb753,4888
fb753,4910
fb753,4911
63462,6599
63462,6750
63462,7294
b5766,5464
b5766,5874
b5766,5963
b5766,5966
b5766,6015
24a91,4323
24a91,4324
0c2c2,5769
0c2c2,5770
0c2c2,5772
0c2c2,5773
7a99e,2245
7a99e,2567
2f682,159
2f682,298
2f682,299
2f682,300
2f682,731
2f682,733
2f682,1535
6c81d,6312
6c81d,6313
6c81d,6341
6c81d,6862
6c81d,6995
9783e,3537
9783e,3538
9783e,3539
9783e,3540
9783e,3541
9783e,3542
0146f+aecd4,5552
0146f,5661
bd726,4573
73e8a,4416
c70cb,1711
c70cb,1712
c70cb,1713
c70cb,1714
c70cb,2026
c70cb,2027
c70cb+edae7,3239
c70cb+edae7,3243
c70cb,3560
a1fdd,4086
a1fdd,4087
a1fdd,4189
a1fdd,4619
a1fdd,4621
a1fdd,4622
92a23,7284
92a23,7286
862dd,5677
862dd,5678
862dd,5970
862dd,5971
496c3,5611
496c3,5612
496c3,6037
496c3,6059
ec48b,1341
ec48b,1393
ec48b,1431
20168,5273
3913c,6396
3913c,7196
15a16,5986
15a16,5987
c3654,6966
c3654,7033
c3654,7167
5c6b1,2147
135e9,4040
135e9,4041
135e9,4396
03bcc,4757
03bcc,4758
a87cb,2632
a87cb,2633
a87cb,2634
a87cb,2635
a87cb,3562
a87cb,3564
b755f,4201
b755f,4202
b755f,4203
b755f,4852
b755f,4853
b755f,4854
b755f,4856
b755f,5006
b755f,5007
b755f,5008
b755f,5107
b755f,5108
b755f,5109
b755f,5110
e125f,5712
e125f,6202
b19a6,1863
b19a6,2145
b19a6,2182
b19a6,2183
b19a6,2185
b19a6,2186
b19a6,2187
b19a6,2440
b19a6,2931
b19a6,2934
b19a6,3138
b19a6,3140
603ac,6674
5eeba,2208
5eeba+e27f7,2209
5eeba,2210
5eeba,2892
5eeba,2894
5eeba,3592
cee90+67a64,7088
cee90,7089
cee90,7090
35e45,2473
81997,1956
81997,1957
81997,1958
81997,1959
d1ca3,1932
d1ca3,2028
00c23,4108
9fe8a,5200
b8c31,5967
b8c31,5968
b8c31,6001
b8c31,6002
5649b,3671
5649b,3672
5649b,3673
5649b,3674
5649b,3747
5649b,3748
5649b,3979
5649b,4051
5649b,4052
5649b,4104
5649b,4106
5649b,4107
5649b+925d3,4217
5649b,4429
5649b,4431
5649b,4432
5649b,4433
5649b,4738
5649b+925d3,4739
ff450,6797
ff450+3d1fd,6801
ff450+3d1fd,6932
ff450,6935
ff450,6936
ff450,7208
ffa37,1769
ffa37,1770
ffa37,1772
ffa37+9d9bc,1868
ffa37,1971
ffa37,1972
ffa37,2135
ffa37,2138
ffa37,2578
ffa37,2579
ffa37,2618
ffa37,2621
ffa37,3132
ffa37,3133
ffa37,3134
ffa37,3135
ffa37,3199
ffa37,3200
3ee29,6462
3ee29,6463
3ee29,6464
3ee29,6465
3ee29,6466
3ee29,6803
3ee29,6804
3ee29,7051
3ee29,7121
3ee29,7122
3ee29,7123
f3792,4091
f3792,4092
f3792,4093
f3792,4167
f3792,4168
f3792,4552
f3792,4553
f3792,4554
72bca,152
72bca,1274
72bca,1394
9656f,4072
9656f,4073
0cfca,2029
0928d,3006
0928d,3007
0928d,3008
0928d,3009
0928d,3402
0928d+d5126,3583
cbce5,2486
cbce5,2981
cbce5,3391
589bf,4613
589bf,4615
0cfd7,2455
0cfd7,2456
0cfd7,2457
0cfd7,2458
0cfd7,2860
0cfd7,2861
0cfd7,3185
0cfd7,3186
0cfd7,3565
84a94,343
84a94,344
84a94,346
84a94,347
84a94,348
84a94,416
84a94,417
84a94,418
84a94,419
84a94,722
84a94,723
84a94,760
84a94,761
84a94,851
84a94,852
84a94,853
84a94,854
84a94,855
84a94,856
84a94,1414
84a94,1415
84a94,1416
84a94,1417
84a94,1641
84a94,1642
84a94,1643
84a94,1644
84a94,1645
84a94,1646
99d3c+001c1,6642
2d9da,1943
2d9da,1944
2d9da,1946
2d9da,2637
17a8a,5615
17a8a,5815
17a8a,5816
6d753,6362
6d753,6363
644ec+defec,5117
d111c,2150
d111c,2405
d111c,2497
d111c,2646
d111c,2697
d111c,3109
d111c,3110
d111c,3182
219c9,3981
219c9,4030
219c9,4031
219c9,4032
219c9,4079
219c9,4080
219c9,4479
219c9,4480
219c9,5195
16dd2,270
16dd2,271
16dd2,550
16dd2,551
16dd2,552
16dd2,956
16dd2,957
16dd2,1528
16dd2,1530
38c95,6380
38c95+63d9f,6782
38c95,7256
b0c8b,111
b0c8b,112
b0c8b,113
b0c8b,114
b0c8b,115
b0c8b,116
180cf,7001
180cf,7025
180cf,7026
180cf,7027
2afec,349
2afec,350
2afec,351
2afec,352
2afec,1162
2afec,1164
2afec,1638
964ef+114ef,5309
849f6,5280
849f6,5281
849f6,5282
849f6,6108
12da9,5939
62338,4524
62338,4525
3e434,3401
3e434,3404
b8038,6331
b8038,6332
b8038,6333
b8038,6334
75fe8,2146
18617,3912
18617,3913
18617,3915
18617,4062
18617,4063
18617,4476
18617,4477
cba2f,2909
3d1fd,6389
3d1fd,6390
3d1fd,6392
3d1fd,6746
3d1fd,6748
3d1fd,6796
3d1fd,6798
3d1fd,6799
3d1fd,6933
3d1fd,6934
e5b6a,5494
49077,5617
49077,5618
49077,5620
22f09,214
22f09,215
22f09,519
22f09,867
22f09,1568
22f09,1624
22f09,1687
22f09,1688
22f09,1689
298d4,337
298d4,338
298d4,339
298d4,1087
298d4,1088
298d4,1405
298d4+a3563,1406
298d4,1407
7e3be,4984
7e3be,4985
7e3be,4987
7e3be,4988
7e3be,4989
7e3be,5029
7e3be,5030
7e3be+79c1d,5050
931ee,6772
931ee,6773
931ee,6893
931ee,6894
931ee,6895
931ee,6896
931ee,6897
931ee,6991
28fec,5384
28fec,5385
28fec,5386
14489,6048
dd5ef,5790
dd5ef,5791
711a4,4007
711a4,4008
711a4,4352
711a4,4353
711a4,4354
711a4,4355
711a4,4356
711a4,4616
711a4,4698
711a4,4699
713c3,6281
713c3,6282
c65b6,2700
c65b6,2701
c65b6+411c6,3478
2f048,2128
2f048,2129
2f048,2277
2f048,2642
2f048,2643
2f048,2644
07eb9,3785
07eb9,3786
07eb9,3787
07eb9,3819
07eb9,3820
07eb9,3821
07eb9,3822
07eb9,4400
07eb9,4401
07eb9,4922
07eb9,4924
07eb9,5052
07eb9,5053
07eb9,5054
07eb9,5206
07eb9,5207
07eb9,5208
07eb9,5209
ced82,1838
ced82,1839
ced82,1840
ced82,2841
ced82,2927
ced82,3407
ced82,3408
ced82,3409
ced82,3410
ced82,3411
80c07,5216
70187,5695
70187,6208
09520,134
09520,176
09520,177
09520,435
09520,697
09520,698
09520,1223
09520,1658
83aa4,5286
2991b,5269
2991b,5270
2991b,5361
2991b,5362
2991b,5394
2991b,5396
2991b,5397
2991b,5447
2991b,5448
2991b,5449
2991b,5450
2991b,5626
2991b,5627
2991b,6006
2991b,6008
2991b,6049
2991b,6051
2991b,6131
2991b,6132
2991b,6133
2991b,6134
2991b,6135
2991b,6283
2991b,6284
a28bd,629
ef6ac,5548
2b411,6566
2b411,6567
2b411,6568
2b411,6569
2b411,6901
2b411,6902
2b411,7067
b13db,5667
b13db,5669
b13db,5671
b13db,6020
b13db,6021
0f292,336
0f292,1302
0f292,1303
0f292,1637
455fd,2222
455fd,2223
455fd,2224
455fd,2344
455fd,2346
455fd,2992
455fd,2993
455fd,2994
455fd,2995
455fd,2996
455fd,3217
455fd,3244
455fd,3298
455fd,3299
e6bd2,3122
e6bd2,3123
e6bd2,3124
e6bd2,3125
3c60d,2796
3c60d,3414
3c60d,3415
3c60d,3500
3c60d+4d400,3517
f75f0,5374
f75f0,5375
f75f0,5376
f75f0,5644
f75f0,5645
f75f0,6009
f75f0,6010
f75f0,6011
aa911,5575
aa911,5576
aa911,5752
4b31d,3864
aecd4,5553
aecd4,5660
aecd4,5662
aecd4,5665
3acfc,2055
3acfc,2056
91898,3901
91898,3902
91898,3903
91898,4716
91898,4808
91898,4809
91898,4810
91898,4812
91898,4813
45770,5738
28a9a,6777
499be,4842
499be,5113
499be,5114
499be,5116
499be,5118
499be,5259
87044,5469
87044,5903
87044,5904
87044,5910
87044,5941
87044,5988
cb0c7,126
cb0c7,127
cb0c7,128
cb0c7,745
cb0c7,1511
cb0c7,1512
90a19,5550
90a19,5866
90a19,5867
1203e,3795
1203e,3796
1203e,3797
1203e,3798
1203e,3799
1203e,3800
1203e,3884
1203e,3885
1203e,3886
1203e,3887
1203e,3888
1203e,4024
1203e,4278
1203e,4279
1203e,4281
1203e,4282
1203e,4470
1203e,4471
1203e,4730
1203e,4731
1203e,5135
1203e,5136
1203e,5137
1203e,5138
1203e,5139
1203e,5140
1203e,5141
1203e,5153
37911+1e12f,6275
06d05,3571
06d05,3572
06d05,3573
06d05,3574
06d05,3575
8fb9f,4990
8fb9f,4991
8fb9f,4992
8fb9f,4999
8fb9f,5004
f2982,3714
f2982,3715
f2982,3716
995be,5842
995be,5843
995be,5844
995be,5845
9fe11,5423
13997,5938
51ad6,1108
aa98f,2959
aa98f,3399
aa98f,3400
5d326,4592
5d326,4593
5d326,4594
5d326,4889
5d326,5074
5d326,5075
5d326,5076
502c8,6124
ee842,6320
ee842,6730
ee842,6731
ee842,6802
66e24,155
66e24,156
66e24,157
66e24,158
3c8a8,7081
89d15,1762
89d15,1763
89d15,1764
89d15,1765
89d15,1970
89d15,2781
89d15,2783
89d15,2784
89d15+328e6,3324
50ebf,3446
50ebf,3447
90471,5327
90471,5328
90471,5331
90471,5332
90471,5333
90471,5559
90471,5561
90471,5562
90471,5563
90471,5980
90471,5981
90471,5982
90471,5984
4a239,7226
4a239,7232
4a239,7233
4a239,7235
b27b5,1727
b27b5,1728
b27b5+dcfc2,1747
b27b5,1748
b27b5,1750
b27b5,2084
b27b5,3042
b27b5,3043
b27b5,3288
b6e7b,5544
b6e7b,5545
3246c,4175
3246c,4176
3246c,4177
3246c,4360
3246c,4361
3246c,4362
3246c,4363
3246c,4364
3246c,4581
3246c,4582
3246c,4583
3246c,4584
3246c,4585
b1f68,5609
36a96,5639
36a96,5640
36a96,5641
80b9f,1936
80b9f,2932
80b9f,2933
7a829,6809
7a829,6810
7a829,6813
7a829,7076
7a829,7077
5d810,3880
5d810,4274
5d810,4275
5d810,4276
0a664,80
0a664,81
0a664,771
0a664,1009
0a664,1054
0a664,1316
0a664,1481
0a664,1482
10d6f,4640
10d6f,4641
10d6f,4642
10d6f,4643
10d6f,4645
f7dab,6570
65812,3952
65812,3953
65812,3954
65812,4665
65812,4667
65812,4965
65812,4967
ff961,7244
a7c76,4237
a7c76,4238
a7c76,4239
a7c76,4798
a7c76,4800
a7c76,4801
a7c76,5181
a7c76,5183
9b6c8,1708
9b6c8,1737
9b6c8,1738
9b6c8,1739
a69a6,5792
a69a6,5794
a69a6,5795
a69a6,5796
a69a6,5797
0b89a,643
0b89a,644
0b89a,645
0b89a,895
0b89a,1565
0b89a,1566
82d73,3839
82d73,3842
7e5b4,5740
7e5b4,5741
38396,2188
38396,2189
38396,2190
38396,2811
38396,2929
38396,2930
76c43,585
76c43,586
76c43,587
76c43,588
76c43,589
76c43,1062
76c43,1063
76c43,1064
76c43,1065
ccd25,3768
ccd25,4938
ccd25,5168
dddbd,328
c0b93,2706
c0b93,2968
c0b93,2978
95a88,950
95a88,951
95a88,1193
95a88,1195
95a88,1198
79a1b+ac198,7190
79a1b,7194
79a1b,7195
61438,6971
516a0,708
516a0,709
516a0,1234
44d65,6319
44d65,6347
44d65,7217
44d65,7230
079de,1817
079de,2073
079de,2076
079de,2105
079de,2106
079de,2107
079de,2108
079de,2109
079de,2192
079de,2552
079de,3059
079de,3116
079de,3117
079de,3120
4b5f6,5391
4b5f6,5392
4b5f6,5393
bb0fb,3058
bb0fb,3631
bb0fb,3632
bb0fb,3633
bb0fb,3635
8e057,263
8e057,390
8e057,739
8e057,740
ffe8c,3850
ffe8c,3851
ffe8c,4045
ffe8c,4046
ffe8c,4617
6199c,5409
9a7c7,3704
9a7c7,3705
bb3f2,4712
586a2,4043
586a2,4881
586a2,4882
586a2,4883
6fff5,1789
6fff5,1931
6fff5,2910
6fff5,2911
6fff5,3412
6fff5+3d2a6,3567
a7a76,163
a7a76,862
a7a76,863
a7a76,865
a7a76,1524
bf920,2866
bf920,3448
99600,6339
99600,6543
26742,6487
26742,6960
26742,6961
26742,6994
b1377,1899
b1377,1900
b1377,1901
b1377,1902
b1377,1903
b1377,1994
b1377,1996
b1377,1998
1b584+e4ad1,2390
1b584,2394
1b584+e4ad1,2682
1b584,3178
65624,1767
65624,1934
65624,3477
c670a,3620
f67ce,5876
5c206,3976
5c206+45f02,3977
5c206,4019
5c206,4021
5c206,4022
5c206,4023
5c206,4379
5c206,4380
5c206,4381
5c206,4382
5c206,4383
5c206+45f02,4846
319d4,378
319d4,775
319d4,777
319d4,1460
319d4,1461
5580c+88fc4,4857
5580c,4858
5580c,4859
5580c,5031
5580c,5032
5580c,5033
5580c,5034
5580c,5035
5580c,5036
594de,1015
6c46f,5577
6c46f,5578
6c46f,5579
0f7ae,3172
0f7ae,3387
0f7ae,3388
65723,179
65723,181
65723,403
65723,406
65723,795
65723,1378
65723,1380
65723,1445
65723,1446
65723,1448
65723,1449
65723,1450
65723,1454
65723,1455
65723,1456
65723,1457
65723,1458
65723,1459
65723,1463
65723+3732a,1464
65723,1465
65723,1466
65723,1467
65723,1468
65723,1673
65723+3732a,1674
65723,1675
67ef8,425
67ef8,426
67ef8,427
4fc62,4130
4fc62,4131
4fc62,4132
4fc62,4135
4fc62,5144
4fc62,5145
4fc62,5146
4fc62,5147
4fc62,5148
4fc62,5149
9d5a0,4169
9d5a0,4655
9d5a0,4744
9d5a0,5112
96b00,7266
96b00,7277
ae507,3904
ae507,3905
ae507,3906
ae507,3907
ae507,3908
ae507,5220
ef853,5925
ef853,5926
ef853,5927
ef853,5928
ef853,5930
0023c,6003
3770a,6593
3770a,6716
3770a,6717
2bca4,6062
ff907,363
ff907,364
ff907,365
ff907,366
ff907,367
05c70,161
05c70,864
2b11e,2339
2b11e,2340
2b11e+dd24f,2341
91b2b,3702
91b2b,3703
a77d1,5951
a77d1,5955
bbb80,5518
bbb80,6065
bbb80,6066
d1706,1661
d1706,1662
d1706,1663
ff3e0,6330
ff3e0,6456
1dd2e,6393
1dd2e,6394
1dd2e,6395
1dd2e,6575
1dd2e,6576
75985,6480
75985,6481
75985,7093
75985,7150
75985,7151
75985,7153
7d533,386
23bbc,120
ed711,6354
ed711,6355
ed711,6969
222b0,4027
222b0,4028
222b0,4029
2be8f,237
2be8f,877
411c6,2702
411c6,3479
411c6,3481
0b194,4129
69fc2,6242
69fc2,6243
22cd4,38
22cd4,40
22cd4,41
22cd4,42
22cd4,43
22cd4,312
22cd4,313
22cd4,314
22cd4,315
22cd4,316
22cd4,579
22cd4,595
22cd4,596
22cd4,598
22cd4,600
22cd4+d93fc,664
22cd4,665
22cd4,666
22cd4,667
22cd4,668
22cd4,913
22cd4,1569
cfdb4,5806
cfdb4,5841
bb5e3,6571
bb5e3,6572
bb5e3,6725
bb5e3,6726
bb5e3,6727
bb5e3,6728
bb5e3,6838
bb5e3,6839
bb5e3,6840
bb5e3,6906
bb5e3,6907
bb5e3,6908
bb5e3,6909
08765,1841
08765,1898
08765,3522
08765,3523
69007,1754
69007,1791
69007,1793
69007,1794
69007,1795
35917,3669
35917,3670
35917,4047
35917,4048
35917,4050
fa778,86
fa778,632
fa778,633
33767,6795
90681,4421
90681,4423
90681,4424
90681,4425
90681,4713
90681,4993
90681,4994
90681,4995
90681,4996
dc0f2,6676
dc0f2,6677
dc0f2,7280
dc0f2,7281
dc0f2,7282
dc0f2,7283
79878,4064
79878,4065
79878,4066
79878,4067
79878,4464
79878,4465
79878,4466
79878,4467
79878,4468
79878,4469
182c3,2046
182c3,2180
182c3,2302
182c3,2303
a5ddb,1705
a5ddb,1706
a5ddb,2010
a5ddb,2011
a5ddb,2012
a5ddb,2144
a5ddb,2421
a5ddb,2422
a5ddb,2423
a5ddb,2672
a5ddb,2888
a5ddb,2889
a5ddb,2890
a5ddb,2891
95acd+17e25,6541
abbd9,5837
abbd9,5838
abbd9,5839
c82d0,6367
c82d0,6368
124a5,2593
124a5,2594
e6c7f,6492
e6c7f,6493
e6c7f,7028
e6c7f,7029
e6c7f,7030
e6c7f,7031
e6c7f,7236
e6c7f,7268
4a39f,18
4a39f,20
4a39f,22
4a39f,317
4a39f,318
e4963,2111
e4963,2112
e4963,2113
e4963,2114
e4963,2575
e4963,2627
e4963,2628
f449d,1875
f449d,1876
f449d,2283
f449d,2286
f449d,2692
f449d,2694
f449d,2920
f449d+76a39,3026
f449d,3027
f449d,3463
f449d,3464
f449d,3488
7c915+0afb8,2091
7c915,2288
7c915,2610
820e6,4709
820e6,4710
820e6,4763
820e6,4764
820e6,4765
820e6,4766
820e6,4767
16f17,3721
16f17,3722
16f17,3808
16f17,3930
16f17,4527
16f17,4625
16f17,4654
16f17,5179
16f17,5180
b2758,3761
b2758,4204
b2758,4205
b2758,4206
b2758,4207
b2758,4208
b2758,4561
b2758,4562
b2758,4563
257a5,6698
257a5,6877
257a5,6940
257a5,6942
8c8e6,4570
8c8e6,4571
8c8e6,4657
e1a50,6610
66760,6519
66760,6524
66760,6910
66760,6911
66760,6913
66760,6982
66760,6984
8a293+b9344,2474
8a293,2475
8a293,2732
8a293,2733
8a293,2734
8a293,2735
8a293,2736
6063b,185
6063b,361
6063b,362
6063b,489
6063b,493
6063b,563
6063b,565
d1395,1286
bb9bf,3765
bb9bf,3955
bb9bf,3956
bb9bf,3957
bb9bf,3958
bb9bf,3959
bb9bf,3960
bb9bf,4929
bb9bf,4930
bb9bf,4932
bb9bf,4933
bb9bf,4934
64fe6,4687
64fe6,4690
9e468,1729
9e468,1731
9e468,2665
9e468,2666
9e468,2669
9e468,3215
d2401,2068
d2401,2069
d2401,2070
d2401,2071
d2401,2261
d2401,2263
d2401,2264
d2401,2265
8a94b,2374
8a94b,2375
8a94b,3611
8a94b,3612
8a94b,3613
3732a+0936f+805e9,796
3732a,797
3732a,1279
3732a,1281
3732a,1379
64456,1692
64456,1857
64456,3396
64456,3397
7ee61,7318
e7469,383
43ed6,3723
43ed6,3725
43ed6,4242
43ed6,4243
43ed6,4244
cf474,1851
cf474,3062
cf474,3063
cf474,3196
cf474,3319
cf474,3320
9cf36,1462
83d17,4405
83d17,4407
83d17,4409
a40a9,5884
a40a9,5885
67c2b,6678
67c2b,6679
67c2b,6681
67c2b,7071
67c2b,7073
f6799,2509
f6799,2943
f6799,2945
f6799,2946
f6799,2947
f6799,3151
f6799,3197
821fa,5855
821fa,5856
821fa,5857
65f0f,6118
65f0f,6119
b76a0,815
523f4,6063
87f98,4209
87f98,4211
5e37a,981
5e37a,982
5e37a,1005
5e37a,1006
5e37a,1085
5e37a,1086
5e37a,1559
5e37a,1560
f2ba0,3890
f2ba0,3891
f2ba0,3892
f2ba0,3894
f2ba0,3895
f2ba0,4000
f2ba0,4001
f2ba0,4004
f2ba0,4005
f2ba0,5055
f2ba0,5056
f2ba0,5057
f2ba0,5058
f2ba0,5059
f2ba0,5060
f2ba0,5210
f2ba0,5211
f2ba0,5212
f2ba0,5213
f2ba0,5215
3b407,5298
3b407,5398
3b407,5399
76612,5848
76612,5913
76612,5914
76612,6081
76612,6082
76612,6083
76612,6084
76612,6086
76612,6299
76612,6300
76612,6301
76612,6302
76612,6304
0936f,211
0936f,801
97708,1842
97708,1843
97708,1844
bcc17,2197
bcc17,2347
bcc17,2412
bcc17,2605
bcc17,2606
bcc17,2607
bcc17,3167
bcc17,3289
67f7d,762
67f7d,764
9a62b,5744
9a62b,5746
9a62b,5747
9a62b,5956
9a62b,5957
9a62b,5959
9a62b,5960
6ce8e,3917
6ce8e,3921
6ce8e,5169
6ce8e,5171
6ce8e,5172
6ce8e,5174
15a87,5468
0526c,3659
e4ad1,2392
e4ad1,2680
e4ad1,2681
47bca,802
47bca,803
47bca,1120
63fcf,4228
63fcf,4445
63fcf,4446
63fcf,4537
0ecf8,6988
0ecf8,7216
75996,123
75996,124
75996,496
75996,497
0afb8,2293
0afb8,2294
0afb8,2295
0afb8,2336
0afb8,2337
0afb8,2582
0afb8,3189
0afb8,3190
0afb8,3191
e02e8,2383
2a604,2325
2a604,2326
2a604,2327
2a604,2703
2a604,2705
2a604,2755
2a604,2756
2a604,2758
2a604,2759
2a604,2760
5f91f+c7bdc,1690
5f91f+c7bdc,2078
5f91f,2280
5f91f+85fa8,2281
5f91f,3350
5f91f,3351
f7fbd,2465
f7fbd,2466
f7fbd,2568
f7fbd,2731
f7fbd,3010
f7fbd,3011
58b9d,2881
58b9d,2882
58b9d,3169
58b9d,3257
2950f,3053
2950f+3ab12,3055
8d083,1941
3d88c,3780
3d88c,4751
3d88c,4752
4af8d,5680
eccf9,6600
eccf9,6602
eccf9,7184
eccf9,7186
adfbc,6613
adfbc,6617
9f61e,258
9f61e,261
9f61e,329
9f61e,1119
9f61e,1540
9f61e,1541
68700,7032
a27e9,1852
a27e9,1853
a27e9,1854
a27e9,2481
a27e9,2482
d2a8e,4250
d2a8e,4252
d2a8e,4253
d2a8e,4308
d2a8e,4309
d2a8e,4310
d2a8e,4311
dcc46,2311
dcc46,2313
dcc46,2314
dcc46,2315
dcc46,2316
86352,1883
86352,1991
f09e3,6099
f09e3,6101
6f2d7,5668
6f2d7,5670
0e409,2801
0e409,3231
0e409,3232
0e409,3234
7e165,3236
45128,6900
9e707,3708
9e707,3709
9e707,3710
9e707,4664
98306,6517
98306,6559
98306,6560
98306,6561
98306+578ff,6562
98306,6822
1e350,3789
1e350,3790
1e350,3791
1e350,4357
1e350,4358
1e350,5119
1e350,5120
1e350,5121
ca70b,1183
9a85e,2415
9a85e,2417
9a85e,2418
9a85e,2419
9a85e,2900
9a85e,2901
ec8ae,1760
ec8ae,2765
ec8ae,2766
ec8ae,2767
e6f8f,5358
e6f8f,5359
e6f8f,5428
e6f8f,6176
dc0cf,1799
dc0cf,1800
dc0cf,2174
dc0cf,3501
dc0cf,3502
4680c,5849
4680c,5850
4680c,5851
4680c,5852
be8e2+92262,87
01b8e,3041
1ed97,5875
6d2be,455
6d2be,858
b37c6,4081
b37c6,5157
b61d0,3332
b61d0,3333
a4b7d,2449
a4b7d,2450
a4b7d,2451
a4b7d,2452
a4b7d,2453
a4b7d,2454
23daa,3222
7e392,2
7e392,3
7e392,91
466f0,6667
466f0,6668
466f0,6670
466f0,6964
466f0,6965
a7aeb,5308
a7aeb,5442
a7aeb,5765
a7aeb,5906
a7aeb,5946
a7aeb,5947
a7aeb,5961
a7aeb,5962
8789a,4333
8789a,4532
8789a,4533
8789a,5232
36427,5451
36427,5748
36427,5749
36427,6151
36427,6155
c2a6e,3865
c2a6e,3866
c2a6e,3868
c2a6e,3869
c2a6e,3870
32e31,139
32e31,140
32e31,141
32e31,143
32e31,901
32e31,905
32e31,1544
32e31,1545
32e31,1546
e27f7,1881
e27f7,2893
e27f7,3593
bf37c+83a33,1384
52984,3280
52984,3282
ee343,5675
ee343,5803
ee343,5804
8b744,2763
8b744,2764
8b744,3533
8b744,3534
bd9a6,3648
bd9a6,3649
bd9a6,3650
bd9a6+925d3,3651
bd9a6,4190
bd9a6,4193
bd9a6+925d3,4270
bd9a6+925d3,4271
bd9a6,4292
bd9a6,4293
bd9a6,4723
bd9a6,4794
bd9a6,4796
bd9a6,4797
bd9a6,5124
bd9a6,5125
bd9a6,5126
68d16,5646
80f76,820
80f76,821
3a305,2786
3a305,2787
3a305,2788
3a305,2789
3a305,2790
3a305,2965
3a305,2966
3a305,2967
3a305,3384
3a305,3385
3a305,3386
543f5,5267
543f5,5268
543f5,5936
543f5,5937
543f5,6087
543f5+55d4c,6094
543f5,6253
543f5,6293
543f5,6294
0e156,205
0e156,621
0e156+2b5d5,623
0e156,1204
0e156,1501
0e156,1600
0e156,1601
0e156,1602
bc252,2997
bc252,3452
15785,6774
15785,6775
15785,7022
15785,7023
17e25,6623
b2eed,1121
8686b,3991
8686b,3992
8686b,3993
8686b,4805
8686b,4806
8686b,4807
e51df,1981
e51df,1982
e51df,1983
e51df,2546
b9454,3662
b9454+d3089,4919
1fc67,1575
c385e+d5126,2049
c385e,3406
c385e,3582
c385e,3585
21999,6510
21999,6886
6d0aa,6482
6d0aa,6821
6d0aa,7273
676e8,4273
676e8,4636
676e8,4737
676e8,4774
edae7,3240
edae7,3241
edae7,3242
53bb3,5271
53bb3,5272
53bb3,5365
53bb3,5366
53bb3,5367
53bb3,5369
53bb3,5462
53bb3,5964
53bb3,5965
bc3c4,1007
78699,6505
78699,6506
78699,6653
78699,6827
2e09a,5525
2e09a,5526
a28fe,243
a28fe,914
394e8,602
394e8,604
ee704,1664
d93fc,580
d93fc,640
d93fc,641
d93fc,642
d93fc,663
d93fc,890
d93fc,893
d93fc,894
d93fc,912
d93fc,1489
d93fc,1563
d93fc,1567
d93fc,1571
d93fc,1572
fe050,634
fe050,637
fe050,638
fe050,943
fe050,1136
fe050,1137
fe050,1138
fe050,1230
fe050,1232
ea1db,5554
e17b0,2214
e17b0,2216
e17b0,2269
e17b0,2270
e17b0,2271
e17b0,2323
6e1d5,2358
6e1d5,2359
6e1d5,3556
6e1d5,3557
6e1d5,3558
6e1d5,3559
6e1d5,3601
dff79,1220
dff79,1222
1c964,1331
6b923,6418
6b923,6419
6b923,6420
28015,3698
28015,3699
f2f02,6529
f2f02,6692
9729e,1993
9729e,1997
ffb1b,4286
ffb1b,5042
ffb1b,5043
328e6,2782
328e6,2785
328e6,3325
328e6,3326
740b4,6486
44c4c,1049
44c4c,1672
a0597,3643
a0597,3644
a0597,3676
a0597,3713
a0597,4174
a0597,4265
a0597,4269
a0597,4607
a0597,5079
a0597,5080
a0597,5082
a0597,5083
0276d,3939
0276d,3942
0276d,3943
88fc4,3867
0e2b9,6377
0e2b9,6387
0e2b9,6689
58bdd,5506
58bdd,5507
58bdd,5510
58bdd,5511
8958d,301
8958d,302
8958d,303
de05e,5458
de05e,5460
153e5,5279
153e5,6218
509e3,1833
509e3,1835
509e3,3352
509e3,3353
509e3,3354
509e3,3355
2d821,4825
2326f,50
2326f,51
2326f,53
2326f,54
2326f,55
2326f,558
2326f,559
2326f,560
2326f,561
2326f,562
2326f,1290
2326f,1291
2326f,1292
2326f,1496
2326f,1497
2326f,1498
2326f,1500
76a39,1873
76a39,2259
76a39,2285
76a39,2921
76a39,3028
76a39,3489
b99ca,6823
b99ca,6824
b99ca,6944
b99ca,6945
b99ca,6946
2ce52,4246
2ce52,4247
2ce52,4248
2ce52,4249
2ce52,4493
2ce52,4494
2ce52,4501
2ce52,4502
2ce52,4503
2ce52,4504
2ce52,5161
60f3c,1780
60f3c,1781
60f3c,1782
60f3c,1783
60f3c,2072
60f3c,2260
60f3c,2963
60f3c,2964
60f3c,3184
60f3c,3416
80d30,5283
80d30,5285
80d30,6012
80d30,6013
80d30,6138
80d30,6139
80d30,6142
7f6dc,3793
7f6dc,3794
7f6dc,3972
76703,5364
76703,6178
76703,6193
d138d,3436
bbb98,1182
07237+77ee0,1067
07237+77ee0,1069
6aa48,1111
6aa48,1112
3d983,2467
3d983,2536
3d983,2847
72f17,6753
72f17,7258
72f17,7260
d3089,3837
d3089,4088
a322e,6614
a322e,6615
a322e,6616
98818,231
98818,232
98818,527
98818,528
29a23,6244
66469,3947
66469,3951
d5126,2047
d5126,2048
d5126,3064
d5126,3403
d5126,3586
c404e,1533
b3916,147
b3916,193
b3916,197
b3916,198
5cbb8,5894
5cbb8,5895
5cbb8,5896
de71b,3746
1c08c,3287
1c08c,3312
1c08c,3313
1c08c,3314
27435,5631
27435,5672
e139e,1353
e139e,1355
8ac1d+ba00d,23
8ac1d+ba00d,24
167fc,4127
167fc,4892
167fc,4893
167fc,5234
167fc,5235
43df5,4530
cf609,4218
cf609,4219
cf609,4220
cf609,4306
cf609,4978
cf609,4979
cf609,4981
cf609,4982
cf609,4983
cf609,5152
6fdd3,265
6fdd3,266
6fdd3,605
6fdd3,608
6fdd3,609
6fdd3,610
5316d,5798
5316d,6211
5316d,6212
08740,5530
08740,5568
08740,5569
08740,5571
3d6fa,6627
3d6fa,7024
cf76d,6671
818fd,4082
818fd,4083
818fd,4084
818fd,4085
818fd,4162
818fd,4163
818fd,4164
818fd,4166
818fd,4543
818fd,4545
818fd,4546
818fd,4914
818fd,4916
818fd,5158
4e421+85a6a,5614
ffe05,5501
ffe05,5502
ffe05,6254
ffe05,6255
153c8,1984
153c8,2952
153c8,3345
153c8,3346
153c8,3347
41c19,4251
41c19,4564
41c19,4565
41c19,4567
41c19,4568
41c19,5090
41c19,5091
41c19,5093
41c19,5094
41c19,5095
122bc,5513
13ecf,707
9c0d8,4299
9c0d8,4301
9c0d8,4307
9c0d8,4368
9c0d8,4608
9c0d8,4658
9c0d8,4659
9c0d8,4660
9c0d8,4661
9c0d8,4663
9c0d8,4941
9c0d8,4942
9c0d8,5037
9c0d8,5038
9c0d8,5039
9c0d8,5151
47996,3845
47996,3971
47996,4170
47996,4195
47996,4196
47996,4198
47996,4650
47996,4652
47996,4864
47996,4865
ca2ba,5344
ca2ba,5346
ca2ba,5974
ca2ba,5975
ca2ba,5977
ca2ba,5978
ca2ba,6205
af7a5,6336
af7a5,6337
af7a5,6338
44f9d,5163
44f9d,5164
3f90d,966
3f90d,1585
92262+e4fcb,1451
9d9bc,1869
9d9bc,2248
9d9bc,2251
9d9bc,2252
9d9bc,2253
9d9bc,2296
9d9bc,2493
9d9bc,3495
e7435,259
c6caf,1209
78508,1375
78508,1376
80daf,6437
55d4c,6060
55d4c,6095
001c1,6532
001c1,6640
001c1,6641
ef79d,2357
ef79d,2487
ef79d,2489
ef79d,2490
ef79d,2491
ef79d,2553
ef79d,2554
ef79d,2970
ef79d,3266
ef79d,3268
ef79d,3269
fefa0,1809
fefa0,1823
fefa0,1824
fefa0,2350
fefa0,2677
fefa0,2875
fefa0,2989
fefa0,2990
fefa0,3536
fefa0,3544
fefa0,3545
fefa0,3546
fefa0,3547
fefa0,3548
fefa0,3549
2cbfd,1319
2cbfd,1321
a45bf,5318
a45bf,5886
a45bf,5888
a45bf,5889
b4167,2196
b4167,2738
85fa8,2282
85fa8,2492
4d400,3516
98bd0,2685
98bd0,2686
98f1d,57
98f1d,192
98f1d,983
98f1d,1033
98f1d,1034
98f1d,1070
98f1d,1071
98f1d,1175
98f1d,1176
98f1d,1432
98f1d,1433
7aff7,5931
34624,2199
34624,2200
34624,2201
34624,2470
34624,2471
34624,2472
34624,2797
34624,3596
9f786,1736
9f786,3494
b26a9,1080
b26a9,1081
b26a9,1082
b26a9,1083
fd33a,3718
fd33a,3719
7ee90,5084
7ee90,5085
7ee90,5087
7ee90,5088
7ee90,5089
98949,2267
98949,2268
98949,2836
98949,2837
98949,3021
98949,3022
98949,3023
98949,3024
98949,3025
98949,3258
98949,3259
98949,3261
98949,3491
98949,3524
98949,3525
98949,3526
a8211,6443
a8211,6444
a8211,6445
a8211,6446
a8211,6948
7223e,5566
7223e,5567
f74f8,6440
f74f8,6441
f74f8,6609
f74f8,6661
d6f16,5019
d6f16,5021
d6f16,5022
d6f16,5023
1e12f,5717
1e12f,5719
1e12f,5721
1e12f,5722
1e12f,5723
1e12f,6276
b1290,1607
b1290,1608
ab45d,73
ab45d,74
ab45d,75
ab45d,76
ab45d,77
ab45d,78
ab45d,1024
ab45d,1190
ab45d,1191
ab45d,1388
ab45d,1390
ab45d,1392
2cfd4,2590
2cfd4,2591
2cfd4,2592
2cfd4,3316
638b4,3775
638b4,3776
638b4,3777
638b4,3830
638b4,3831
638b4,3833
638b4,3834
638b4,4015
638b4,4016
638b4,4017
638b4,4510
638b4,4511
638b4,4513
f5584,1880
f5584,2917
df951,2429
df951,2431
df951,3072
df951,3073
df951,3075
df951,3437
df951,3438
df951,3439
b81ee,6070
b81ee,6071
d838c,5905
d838c,6117
3f492,7187
3f492,7188
85a6a,5520
85a6a,5521
85a6a,5522
85a6a,5523
85a6a,6040
85a6a,6041
85a6a,6042
85a6a,6043
85a6a,6044
85a6a,6045
85a6a,6174
85a6a,6175
26c69,6472
26c69,6475
1b77e,5276
1b77e,5277
1b77e,5628
1b77e,5629
1b77e,5630
1b77e,5709
1b77e,5715
1b77e,5716
1b77e,5729
1b77e,5730
1b77e,5731
1b77e,5732
1b77e,6125
1b77e,6166
1b77e,6167
1b77e,6177
1b77e,6203
1b77e,6204
0757c,6564
0757c,6565
0757c,7242
ff339,423
ff339,522
ff339,523
ff339,524
92cbb,1818
92cbb,1819
92cbb,2075
92cbb,2548
92cbb,2550
92cbb,2876
92cbb,3060
289b9,2384
195f2,1287
26519,5989
26519,5990
26519,5991
26519,5992
2b5d5,1249
1e0ac,1719
1e0ac,1720
1e0ac,1721
1e0ac,1722
1e0ac,1723
1e0ac,3237
1e0ac,3238
bb24e,4128
bb24e,4646
bb24e,4647
bb24e,4702
bb24e,4703
bb24e,4748
bb24e,4875
bb24e,4876
bb24e,4902
bb24e,4968
bb24e,4969
bb24e,4970
bb24e,5228
925d3,3646
925d3,3647
925d3,3980
925d3,4191
925d3,4192
925d3,4194
925d3,4213
925d3,4214
925d3,4215
925d3,4216
925d3,4294
925d3,4295
925d3,4296
925d3,4297
925d3,4725
925d3,4726
925d3,4727
925d3,4728
925d3,4740
925d3,4793
b2361,5349
b2361,5350
b2361,5351
b2361,5606
b2361,5725
b2361,5726
b2361,5727
b2361,5728
b2361,6089
83398,3763
83398,3764
83398,4113
83398,4114
83398,4515
83398,4742
0a729,7298
0a729,7328
0a729,7331
a7526,1973
a7526,1974
a7526,1975
a7526,1977
a7526,1978
a7526,3168
bd26a,3655
bd26a,3852
bd26a,3853
bd26a,3854
bd26a,4753
e4409,6518
e4409,6628
e4409,6629
e4409,6631
e4409,6632
e4409,6633
3d2a6,3568
f410b+15b7b,7308
e4fcb,902
e4fcb,903
e4fcb,906
e4fcb,1386
e4fcb,1387
e4fcb,1452
2c032,2447
2c032,3202
0593f,6794
bdfad,5387
bdfad,5388
bb79d,929
bb79d,931
bb79d,932
bb79d,933
80cdc,5735
80cdc,5736
110b2,3434
110b2,3435
15b7b,6502
15b7b,6504
4e6d5,5142
4e6d5,5251
4e6d5,5252
4e6d5,5255
4e6d5,5256
dc19d,6061
3d3cd,4449
b3d00,201
b3d00,202
b3d00,203
b3d00,204
b3d00,994
b3d00,995
b3d00,996
b3d00,997
b3d00,998
b3d00,999
583c4,2279
583c4,2408
583c4,2409
583c4,2748
583c4,2749
583c4,3181
583c4,3623
583c4,3625
a02c6,4819
0724d,6808
ffdbf,2236
ffdbf,2600
ffdbf,3050
8c459,2170
8c459,2171
8c459,2864
8c459,3057
8c459,3490
b938c,5942
ba00d,101
ba00d,102
ba00d,103
ba00d,106
ba00d,525
ba00d,526
ba00d,735
ba00d,736
ba00d,1256
ba00d,1257
ba00d,1258
ba00d,1259
ba00d,1260
ba00d,1261
ba00d,1308
ba00d,1311
ba00d,1313
ba00d,1357
ba00d,1358
ba00d,1359
ba00d,1360
ba00d,1361
ba00d,1610
ba00d,1611
ba00d,1613
ba00d,1614
ba00d,1639
ba00d,1677
ba00d,1679
ba00d,1680
b8ae7,809
b8ae7,810
dda9d,5471
2db21,4595
2db21,4596
2db21,4597
2db21,4598
2db21,4600
c3052,2153
c3052,2156
c3052,3418
a7d2d,2230
a7d2d,3090
a7d2d,3092
7dbd2,779
7dbd2,780
7dbd2,1100
7dbd2,1102
7dbd2,1589
ead3b,1905
ead3b,1906
ead3b,2950
ead3b,3037
ead3b,3038
ead3b,3039
ead3b,3105
ead3b,3106
ead3b,3107
45f02,4074
45f02,4075
45f02,4076
45f02,4318
45f02,4319
45f02,4320
45f02,5028
45f02,5203
45f02,5204
45f02,5205
77ee0,1066
77ee0,1068
8cb55,768
ac486,1734
ac486,2516
ac486,2517
ac486,3012
ac486,3013
ac486,3096
ac486,3097
ac486,3102
ac486,3104
ac486,3176
a7019,1694
a7019,1753
67f81,1827
67f81,1922
67f81,1923
67f81,1924
67f81,2060
67f81,3141
67f81,3142
67f81,3143
67f81,3144
67f81,3145
67f81,3380
67f81,3381
67f81,3427
67f81,3428
67f81,3429
67f81,3430
67f81,3431
516f8,3827
516f8,3828
516f8,3829
516f8,4221
516f8,4222
516f8,4223
516f8,4224
516f8,4677
e3ad4,2446
83a33,789
83a33,790
83a33,791
83a33,792
83a33,793
83a33,923
83a33,924
83a33,926
83a33,1057
83a33,1058
83a33,1382
83a33,1383
83a33,1385
