field_id,nbr_pixels
756,14
757,21
1372,59
1374,36
1986,14
1988,15
2689,10
2690,19
2691,22
2878,20
2880,26
3293,19
7238,15
7239,18
7240,15
7241,24
4181,13
4185,15
4186,30
4255,13
4256,11
4257,26
4258,24
5014,12
5015,22
5016,18
5017,41
3281,23
1919,11
1920,6
1921,3
1950,21
2317,28
2318,42
2319,40
2324,60
2563,87
3085,12
3086,18
3367,9
3369,18
3370,13
3371,14
3372,16
4411,11
4412,52
4517,52
4518,52
4675,38
4676,24
5026,14
442,24
7161,21
7162,11
7249,79
440,25
441,7
539,78
727,1
728,43
730,15
879,20
880,13
1178,12
1179,27
1180,38
1181,25
1300,13
1301,13
1940,34
1942,23
5531,173
5533,31
6185,66
6245,48
6246,12
6248,15
6249,44
1892,20
3778,8
3779,4
4630,19
4631,18
4632,31
6213,84
6214,120
6215,148
6216,114
7209,10
3278,47
3607,19
118,48
1107,15
1493,105
1615,22
1616,58
6834,24
6835,62
1730,34
1732,23
2664,24
2667,52
2668,44
3211,20
3212,22
3213,44
3214,20
2211,36
2212,55
3002,53
206,22
207,33
322,10
422,23
960,15
961,25
962,11
963,29
964,10
965,11
32,28
56,12
132,27
538,30
788,53
1343,26
1653,26
1655,35
6473,29
6474,21
245,19
246,29
247,35
248,41
1047,111
1048,153
1117,80
1118,67
1255,47
1513,85
1539,40
4262,5
4263,7
4962,6
4009,6
4010,9
4012,5
4013,7
4014,4
2080,36
2082,27
2083,18
2160,27
2161,36
2162,29
3154,2
3155,68
3156,44
3157,26
3229,62
1870,20
1871,16
1872,40
3341,14
3342,50
3343,30
3344,42
5467,82
178,8
216,35
324,19
325,12
432,37
859,19
860,19
861,25
1508,14
6828,12
6829,8
6830,14
6831,9
6832,6
6833,13
6630,51
2130,80
2131,30
2228,7
2229,25
4586,22
4587,17
4588,22
4591,16
5000,16
5002,13
5003,13
437,41
438,26
439,26
573,18
574,13
576,14
1241,105
1243,37
1244,16
1246,19
1590,34
1592,69
1593,42
1594,20
1595,40
5413,7
5414,32
5415,36
4399,50
5024,6
5025,13
6428,15
6429,6
7212,25
7214,29
224,46
225,69
227,26
719,98
720,42
5287,270
6149,47
6150,49
6335,13
6342,27
6344,20
6345,21
7198,32
7199,13
7200,15
7227,12
7228,12
6762,40
6763,75
7042,83
7044,31
4823,73
6196,34
6197,47
6198,66
6199,31
6201,54
5453,19
5454,15
5455,18
5456,19
5751,8
6152,4
6153,11
6156,32
578,59
1369,85
1951,3
1952,35
1953,15
2351,17
2352,28
2354,20
2355,26
2356,34
2624,9
2625,20
507,23
508,27
509,59
510,25
948,47
1103,21
1104,78
1236,30
1238,14
1239,68
1240,46
164,30
167,27
3205,32
3442,21
3444,49
3445,45
1990,59
2629,58
2630,26
1514,12
1515,52
3744,27
4146,29
4700,44
5177,29
5178,23
5260,32
5673,110
5674,197
5880,73
5882,122
6636,15
6637,11
6638,16
6852,20
6959,29
2693,39
3487,37
2707,11
2975,87
2976,22
2977,27
591,13
592,16
693,27
818,23
3813,14
3814,10
3815,9
3816,24
3818,13
4312,60
4314,4
4315,20
4316,15
4317,8
4455,17
4456,19
4804,15
6097,45
2772,44
2555,19
2557,16
2807,18
3606,36
4138,23
4140,15
4345,4
4347,5
4348,11
5199,14
5202,12
6784,19
7300,21
7302,59
5498,95
5499,90
5754,132
5755,96
10,19
511,27
1435,60
1436,25
1437,25
1715,25
1716,22
1718,45
1849,18
1850,32
2141,4
2149,16
2771,37
2778,10
2779,14
2822,15
3460,27
3461,8
3529,33
3530,11
3553,37
3566,24
899,21
45,52
46,22
107,52
110,23
6476,37
6604,22
6741,36
6743,29
6931,42
6977,74
6978,24
4147,2
4149,3
4225,8
4226,13
4227,9
6103,30
6104,34
656,77
657,41
661,75
1124,42
1125,38
1576,30
1577,33
1578,31
1579,38
2367,20
2793,36
5713,85
896,65
898,24
1247,9
1248,20
1477,5
1478,10
1479,5
1480,6
3619,11
6771,10
6779,64
6780,12
6781,40
6814,30
6815,30
6847,52
7136,35
7137,61
7139,55
6458,9
6459,17
6460,7
6461,11
6663,30
6666,30
7045,21
7047,18
2338,4
1859,12
1861,25
1862,24
2717,51
3255,19
2854,40
669,39
670,13
671,23
672,16
673,30
940,13
941,40
3962,11
3963,9
3964,15
3965,31
3966,18
88,80
89,55
694,45
1250,15
1346,56
1348,11
1349,23
6864,7
5231,9
5858,20
5859,29
5861,30
5862,21
5950,120
5953,87
5954,105
6233,24
5265,84
5266,100
5698,49
5993,47
5994,37
5996,48
5997,30
5998,43
6075,41
6079,73
6080,20
6257,104
6258,168
6263,111
2869,19
2870,10
540,78
646,35
695,32
1123,82
6088,196
5720,46
6019,35
2430,30
2519,51
5547,25
6121,264
6122,261
6528,5
6530,8
6531,18
6951,16
6952,35
7130,19
2984,15
2985,13
2988,14
3000,18
3031,7
3032,3
3033,16
3034,9
3035,16
3036,17
3126,8
3127,12
3128,20
3129,12
3158,27
3159,28
3162,10
3163,35
1725,10
1726,9
1806,13
1807,14
2309,23
2310,16
2750,30
2751,49
2824,10
3581,26
6818,22
6819,32
6957,24
7157,45
1282,17
1283,8
1284,13
1285,17
1554,11
1555,17
1556,16
1558,13
4771,33
4773,14
3731,5
3732,13
3733,13
3734,16
3735,25
3736,8
3994,21
4843,14
4844,14
7140,20
7141,16
6764,27
5475,49
5733,96
5734,124
5446,69
5465,48
5474,77
6147,45
3188,22
6364,35
6365,22
6405,22
6406,21
6413,29
6868,64
6870,22
410,34
411,38
6950,42
6890,130
5633,93
2662,18
2663,13
2916,18
2918,17
2919,28
2903,23
3052,19
3680,9
3681,12
3682,4
3683,12
3685,17
4514,35
4516,25
5166,7
5167,7
481,10
484,11
485,7
486,10
1426,1
1427,3
1428,9
1429,9
1430,6
1626,9
1627,7
1628,4
5912,23
5915,43
5916,63
5917,103
6171,47
6172,143
6173,173
1785,61
1787,34
1788,31
1790,35
2640,21
2806,19
2808,25
2813,15
2948,21
3114,12
3569,35
1573,89
1650,77
4119,14
4120,8
4944,2
4945,3
4946,6
4948,4
1947,27
2033,31
5424,97
5425,39
5426,59
5427,152
2435,10
2436,20
2437,45
2438,19
3395,21
5621,58
5624,575
6102,41
2077,31
2154,44
2155,25
2599,17
2848,22
2849,27
3419,38
1893,42
1894,29
2023,53
2024,30
2641,56
1933,21
2099,24
2342,17
2343,17
3300,13
3301,12
3302,18
3476,19
3503,42
3504,36
5635,27
5637,22
5918,15
5919,25
5920,27
1980,8
2095,48
2096,54
2098,23
2761,46
3204,46
3441,65
3531,16
3532,10
5377,104
5378,92
5379,54
5380,33
5381,47
5382,57
5911,18
6036,25
3130,31
3131,93
6123,77
2101,22
2102,43
2103,23
2104,16
2502,12
2503,28
2505,17
4894,9
4896,18
2094,36
2398,19
2400,37
2904,28
2906,47
2907,21
2908,14
2134,39
2586,32
2587,33
3621,20
2524,14
2525,24
2526,24
2527,22
2528,25
2529,35
1660,40
5383,95
6553,22
6554,9
6555,8
6556,28
6558,18
1831,17
1832,22
2173,9
2499,48
2500,29
3089,27
3916,6
3918,21
3919,13
3920,17
4777,6
4782,5
275,12
276,16
1634,38
1635,58
6521,21
6523,40
6547,21
6549,13
7004,17
2477,16
2478,18
2479,14
2480,11
2569,12
2570,17
2571,16
2572,16
2573,14
2574,15
2695,36
2699,46
2840,26
2955,4
2957,15
3016,11
3017,20
3019,35
3020,25
3108,21
3111,11
3112,21
3146,26
3148,26
3149,23
3150,13
7116,41
5320,33
5322,47
4506,7
4508,11
4509,15
4520,6
4522,9
4523,9
4903,12
4904,9
4906,22
5247,8
4410,29
4656,34
2247,228
2794,9
2795,10
5932,29
5934,76
5807,166
5809,66
3640,27
3641,7
3642,22
4789,9
4790,13
4791,6
15,20
16,50
17,33
773,24
774,24
778,50
3805,12
3806,8
3807,9
4729,44
5503,161
2871,41
2872,87
5347,236
5879,138
1778,17
2086,23
2088,5
3014,22
3015,31
3270,28
3271,19
3273,21
3274,51
5480,158
249,11
746,8
747,23
749,18
750,32
751,15
1130,8
1131,14
1363,14
1364,12
1365,13
1366,37
1367,18
1603,10
1605,20
1606,10
1948,65
5528,81
6168,82
5334,105
6004,48
6005,51
2064,26
2065,47
2066,41
2385,71
2386,18
2530,38
2531,19
2532,60
6488,23
5588,109
83,7
84,20
85,7
631,12
1937,23
1938,11
1939,15
2172,41
2773,92
2956,17
2958,23
3283,10
3284,14
3285,23
3594,28
2050,44
2051,63
2052,51
5323,36
5324,37
5325,32
5326,42
5607,34
5608,39
4745,19
4747,16
4869,22
4873,15
1166,74
2000,28
3552,4
33,23
34,30
35,82
6981,22
3505,75
2136,14
2137,24
2139,21
3519,26
3520,40
2595,15
1954,23
3458,90
6881,18
6882,19
6883,12
6885,19
444,3
445,33
446,15
447,11
474,12
476,9
830,28
831,18
833,23
834,36
1050,14
1052,19
1053,20
1114,54
1115,41
1116,66
1215,12
1216,22
1217,17
1218,21
1219,20
1668,18
1669,7
1670,13
1671,20
5556,70
5818,64
2005,29
2006,9
2007,18
2008,10
2009,14
2638,33
2961,21
3068,28
3069,20
3070,32
804,71
1025,26
1026,58
1078,48
2045,29
2181,28
5663,31
5664,38
5685,39
5687,22
6220,32
6221,73
6222,34
6223,74
170,32
171,18
172,32
175,23
233,24
235,33
1196,58
5742,90
5834,94
6022,107
6023,34
1886,52
1887,44
1888,77
1889,26
1890,79
1891,16
2034,17
2122,7
2800,10
3226,15
3466,32
3467,39
3468,17
3470,33
533,33
942,18
976,17
977,11
978,33
1170,31
1171,15
6887,18
3771,108
3772,98
4814,119
4815,102
333,28
334,20
1139,44
1169,30
1845,10
1846,15
1847,18
2461,21
2463,11
3543,12
6225,24
6227,39
6228,26
6229,28
6274,45
323,12
6645,11
6647,10
6837,21
7058,47
7060,5
7127,9
7128,50
7129,31
7189,12
1698,24
1699,36
1701,57
3922,12
3923,8
3924,14
3925,13
3926,12
3927,11
421,23
470,39
1625,50
6738,37
6740,29
6752,177
3666,10
3667,20
3668,13
4231,22
4232,17
4637,17
4638,23
4639,20
5154,28
5155,20
5156,15
6997,4
6999,9
7000,12
7007,17
7008,24
7009,30
6403,13
6672,77
7048,18
7050,26
7064,28
1693,10
1695,15
1696,13
1697,15
2256,59
2257,59
6397,22
6844,51
5819,219
5820,139
6024,69
6026,32
6027,42
6029,118
6067,83
6068,31
5434,49
6116,43
5340,72
5831,16
6238,18
6268,109
7202,50
7253,11
7254,11
7255,28
5299,264
5300,121
5302,70
5643,70
6251,57
6252,82
5699,151
5700,42
5701,27
5702,35
5893,91
5897,98
6260,17
6261,141
6262,46
5292,57
5293,148
5294,48
5824,28
5825,32
3508,63
3509,50
3510,89
3511,57
6694,28
6696,26
6719,29
6843,21
7117,23
7327,27
5864,33
357,21
379,36
382,59
397,17
398,14
399,9
1288,15
1289,10
82,18
326,11
811,11
1268,37
1269,28
1270,24
1271,25
1272,16
6851,30
3454,65
1724,12
2305,9
2307,10
2308,40
2719,29
2720,14
2721,14
2722,16
2723,27
2724,16
2752,31
2826,17
3260,13
3580,19
6106,28
674,18
3657,13
3658,4
4340,17
4341,21
4342,7
4343,14
4344,13
4488,12
4489,8
4490,14
4491,15
4492,31
4688,22
4898,14
58,51
874,15
875,10
1012,22
1013,84
1665,220
1666,94
624,12
625,21
627,19
763,15
935,24
936,12
937,26
967,12
968,45
969,48
970,11
972,16
1488,18
6806,18
6807,26
4094,20
4095,28
4254,20
4802,17
5193,14
5194,10
5226,30
6296,27
6297,20
6298,32
4649,16
794,154
3223,29
3225,27
1796,24
1224,16
1225,11
1226,22
4434,8
4670,26
4672,10
4674,8
4918,28
5760,78
5762,45
5763,42
6035,143
4334,16
4335,14
4336,11
4337,8
4338,20
4339,14
4384,43
4385,38
6107,41
3591,18
5400,31
5402,36
5403,51
5404,14
5549,53
5551,91
6720,36
7098,27
7099,10
7101,31
7103,25
218,24
454,14
504,14
506,60
799,44
919,10
922,12
938,6
958,25
1072,4
1073,4
1074,3
1075,14
1076,21
1077,16
1141,28
1187,57
1188,18
1335,44
1337,35
1469,17
1470,22
1484,18
1740,12
1741,40
1742,16
1910,45
2035,31
2036,59
2037,32
2038,15
2089,15
2090,14
2175,26
2176,26
2177,22
2178,7
2511,21
2512,22
2513,31
2514,19
2613,15
2774,25
2775,17
2776,25
2777,25
2831,26
2832,41
2833,25
2835,65
3078,43
3081,40
3082,27
3083,56
3230,20
3245,32
3246,13
3247,24
3248,12
3249,35
3250,19
3252,19
3449,59
3450,39
2469,22
2971,29
2972,40
2973,16
268,45
269,52
548,19
549,22
1529,55
1531,22
1532,22
5756,76
5757,78
5758,53
2727,21
2728,9
2729,21
2730,12
5949,165
7082,11
7084,10
7085,18
7086,17
7015,8
6790,45
6791,29
6792,51
6826,9
6975,12
5352,84
5353,47
5354,30
5355,63
5356,46
5357,80
31,35
554,111
555,57
556,39
1143,63
1144,63
1145,7
1146,81
1228,121
1229,38
1342,26
1344,40
5275,103
910,14
2320,76
2321,115
2322,70
2378,24
2380,78
3330,55
3377,29
3378,91
3486,24
4913,62
4507,6
4521,6
5246,14
5248,11
5249,14
7053,66
7056,25
7192,11
5865,143
4701,25
4732,15
3810,13
6277,60
6278,34
6279,83
6280,108
4908,41
822,47
7078,20
7080,18
374,16
375,40
1001,102
1002,42
1003,78
835,18
838,33
868,46
1028,8
1031,32
6239,132
6722,15
7119,24
7148,29
7154,9
7155,36
7156,20
7326,26
3706,12
4285,15
1774,29
1775,13
1776,23
1777,20
2215,16
4144,20
4603,15
4604,23
4605,21
4626,8
4937,22
256,28
257,93
412,16
462,34
478,7
480,145
662,109
676,41
677,7
679,13
1027,26
1122,46
1199,33
1649,140
1651,151
1667,21
244,32
619,30
915,62
1855,2
2115,7
2576,29
1293,16
1294,15
36,19
553,80
889,9
944,12
1647,36
1648,19
6761,77
6683,12
6684,13
6687,13
7171,12
7172,7
7173,16
7174,25
7175,19
1,18
5443,66
5444,52
5445,54
5514,34
5515,17
5516,9
5517,64
5519,52
5704,113
5706,96
6157,61
6158,26
6159,14
6160,59
6161,30
6422,14
6423,11
6425,20
6711,15
6712,12
6713,19
7104,6
7105,22
7106,20
7107,19
7108,26
3847,16
3848,8
3849,8
4534,190
5245,115
843,22
844,21
1338,56
1340,5
1402,23
1403,15
1404,55
5711,50
5835,65
5836,95
4033,4
4034,5
4035,4
4036,6
4037,4
4681,3
4683,5
4684,4
4685,5
4691,6
4692,3
4693,5
4694,8
5009,5
5010,2
5011,7
5012,5
5013,6
6578,33
6579,58
6580,54
7269,10
7270,11
7272,7
6707,15
6709,13
3766,14
3767,17
4053,20
4054,16
4055,9
4056,16
4057,25
4783,31
4784,20
4785,13
4786,39
4787,30
4788,16
5189,12
5190,9
5191,11
5192,13
6018,89
5457,166
2193,16
2194,15
2195,25
3065,38
6450,13
6451,16
7164,45
7265,29
1657,16
5696,153
330,31
331,23
655,26
702,17
703,102
704,9
705,41
706,48
824,18
825,11
826,8
827,13
828,13
1580,11
1583,6
2041,96
2043,75
2044,130
2388,23
2389,15
2441,19
2442,20
2443,15
2506,29
2507,46
2508,38
2652,91
2653,73
2820,46
2922,19
2923,44
2924,31
2925,23
2938,43
2940,42
2941,60
3309,31
3310,40
1897,11
3331,18
4497,8
4499,21
2434,26
3087,24
3088,29
2583,40
2584,20
2585,35
2895,31
2896,13
2897,20
2898,35
2899,26
3094,15
772,15
979,41
980,23
6256,56
4291,46
3995,11
3996,16
3997,12
3999,20
2202,51
2203,40
2609,66
3550,24
3551,41
5348,162
4298,56
3661,136
3663,31
108,24
3727,6
3728,36
3730,19
3967,7
3970,8
4330,29
4331,40
4332,44
4576,5
4577,8
4578,6
4579,8
5162,40
5241,9
5242,13
5243,17
5244,12
4393,12
6164,40
6165,35
6322,38
6323,65
6324,31
6325,38
6340,52
6511,58
6512,114
6513,25
6515,46
6516,27
6618,40
6619,14
6655,52
6656,75
6658,28
3737,194
3739,17
5258,42
5512,106
6073,90
6074,71
5565,86
2254,71
2462,20
2713,18
2714,90
2715,34
2858,27
2859,24
1955,72
3457,15
2246,248
2853,34
2855,44
2856,31
3164,13
3166,19
96,4
613,8
615,8
1618,10
1620,12
1621,9
1622,7
5710,99
117,38
1106,17
1110,41
1494,82
6317,47
7278,1
7094,20
7095,17
7110,14
7111,16
7112,28
7113,16
7115,14
456,23
458,15
459,13
1329,41
5524,68
5527,40
5586,139
6589,12
6590,13
6592,13
284,12
1962,16
1963,16
1964,53
2670,13
2671,27
3195,23
3216,41
2687,35
2768,33
2819,25
12,72
543,102
5483,19
5484,15
5485,23
5486,94
5487,21
5781,23
5782,43
5783,13
5784,37
5786,49
2395,34
2397,18
3338,23
3339,18
3340,30
2331,18
2657,12
2658,28
2659,25
2660,19
3554,28
3555,34
5371,102
5373,136
5405,228
5597,119
5598,25
3362,11
3363,27
473,37
4,15
5,42
6,18
7,37
8,21
9,32
66,20
1262,15
1263,5
1264,28
6326,19
6328,22
6723,13
6724,12
7309,20
7310,23
7311,16
230,19
872,21
974,35
975,71
1373,36
1561,35
1911,22
1912,29
1913,46
2237,47
2238,17
2753,28
2754,9
2983,71
3275,37
3277,30
3603,25
3604,70
5044,6
5045,19
5046,11
5047,5
5048,15
5049,16
5129,4
5130,12
5132,5
5133,17
5134,14
1295,14
1296,18
1298,8
1299,18
1703,59
1829,63
1992,71
594,38
1443,34
1444,216
3664,19
3749,19
3750,21
3751,27
4110,31
4402,74
4634,11
4635,13
4838,48
4839,94
4860,21
4861,24
5077,13
5078,42
5123,25
6092,46
6093,18
5771,38
2445,17
2718,23
3203,72
765,108
766,63
798,73
800,116
358,9
359,15
490,13
491,23
564,18
1045,12
1046,26
2565,41
5477,62
5478,105
5481,168
5284,53
5339,43
5555,61
5692,35
5679,67
5969,32
1008,27
1317,53
125,34
494,26
498,19
499,30
984,22
986,51
49,25
199,11
200,29
413,45
415,23
429,8
430,8
512,11
513,8
514,12
515,10
516,18
517,10
611,7
612,13
1423,32
1424,9
1425,9
1526,21
1527,21
3327,20
3328,20
3335,17
3336,21
3337,32
2234,27
2601,16
2602,7
2603,21
3051,19
2464,43
3389,22
3390,35
1743,23
1744,19
1745,42
1746,19
2030,7
2031,21
2401,35
2402,12
2403,62
2404,26
3173,11
3175,16
3599,11
5657,55
5658,94
5659,56
5787,70
6234,51
6235,130
6236,46
6237,39
3948,17
3950,22
1811,20
1812,34
1813,9
1814,15
1815,22
1860,8
2521,20
2523,24
2740,19
2741,22
2885,4
3253,4
3254,27
3373,12
3374,34
3375,46
3376,26
1733,30
5417,19
5419,20
5420,45
5421,40
5422,1
5489,26
5490,39
5491,33
5492,13
5493,17
5580,19
5581,96
5582,18
5584,10
5591,59
5592,50
5593,14
5594,48
5596,34
5945,43
6031,26
6034,46
6127,21
6128,25
6129,39
6130,45
6286,13
6287,79
6288,59
6956,76
5767,61
5768,56
6232,106
5572,55
5573,1
5574,100
5642,40
5853,69
5062,5
5065,5
5066,7
5067,7
7165,31
5789,47
3928,37
3929,52
4526,47
4528,53
173,19
174,46
234,27
529,16
1147,79
1148,22
1150,21
1151,81
6038,28
6039,153
6170,414
3753,34
3754,87
3755,21
4180,52
4322,84
4721,97
4722,33
6624,23
6625,21
4264,23
394,66
570,9
1681,11
1682,18
5604,97
3724,50
3978,17
4241,14
4245,24
4413,50
4414,16
4756,22
7243,27
4386,6
4387,22
4388,10
7203,36
7289,17
7290,20
7291,51
5697,56
6090,207
6091,32
6183,126
6184,58
384,44
385,30
601,16
680,19
681,13
717,31
900,13
4535,15
4536,13
952,8
953,10
954,6
955,13
6436,13
6920,29
6921,15
7143,24
7145,16
7248,11
7250,27
223,28
718,17
70,58
71,63
72,59
304,6
305,18
307,9
308,12
309,12
388,5
581,19
582,18
688,18
689,22
690,26
691,26
692,13
1089,32
1091,15
1093,27
1094,45
1350,24
1351,28
1397,13
1399,13
1400,14
1401,11
1418,16
1419,13
1490,25
1491,26
1492,21
1502,16
1503,10
1582,7
3945,43
3974,220
6494,38
6495,35
6496,36
6497,24
6855,56
6856,38
7180,30
1709,14
2204,45
2205,43
2206,49
4096,10
4097,15
4098,9
4099,17
4100,19
4101,17
4762,20
327,10
3675,34
3878,85
3879,40
3910,41
3911,48
4233,26
4234,44
5187,50
5188,37
5739,94
6240,153
6353,1
6382,57
6383,26
6468,12
6598,26
7170,2
5634,24
6369,24
6370,12
6372,26
6374,27
6841,17
6888,10
6889,16
60,13
443,28
696,23
1035,31
1184,68
3877,131
682,18
683,43
684,18
685,27
686,19
725,4
927,226
1060,112
1061,92
1323,20
1324,14
1325,9
1326,24
1328,22
1516,14
4102,11
4103,13
4816,20
4818,17
4820,18
5406,55
5822,56
5823,232
3873,8
3874,13
5100,11
5101,8
4142,261
1877,32
1878,52
1879,45
2133,30
2411,26
6385,16
6386,25
6351,27
6469,33
6846,60
7169,16
7222,30
7223,31
5470,15
1018,17
1019,25
1020,19
1021,21
5262,13
5263,11
5653,24
5655,77
5656,66
5877,145
5878,46
6054,105
6055,101
6056,41
6057,92
2335,9
3152,27
3153,39
3856,18
3857,16
3858,12
3859,57
3860,10
4305,37
4373,7
4375,17
4376,10
4377,31
4378,19
4960,16
353,42
354,24
6194,17
4187,7
4188,20
4863,9
5069,3
5070,12
5071,7
5072,19
6375,40
6376,16
6401,36
6402,16
6585,17
6586,55
6588,28
7219,24
7220,65
7332,26
2501,15
2019,38
2021,36
2022,50
2053,50
2054,22
2838,28
2839,30
3264,17
3265,33
3492,29
3493,26
165,19
1332,70
3784,7
2373,23
2093,50
2116,39
3618,13
6865,40
6867,15
6869,32
3756,17
5599,43
5602,35
5603,30
5708,109
6179,21
6180,34
6181,21
5788,17
6308,13
6455,62
6635,20
6849,29
6967,23
6968,21
7035,69
7036,23
7062,25
7063,43
4287,8
4288,16
2159,131
2608,107
2598,36
3514,19
3652,14
3653,10
3654,11
4877,18
4901,9
5227,17
5229,15
4555,2
4556,8
4557,3
4558,11
4559,2
4560,6
4974,9
4975,4
4976,11
4977,24
4481,48
3691,29
3692,12
3693,8
3694,25
3695,12
3696,36
3802,5
3803,16
4327,14
4427,8
4678,7
4754,13
4755,14
4886,12
4887,34
4891,72
4949,6
4950,8
4951,11
4952,7
4953,9
781,24
782,36
1266,53
4482,3
4484,10
4485,2
4486,10
4487,8
6714,14
6715,12
7002,24
145,9
194,40
195,24
6447,12
6448,18
6606,24
6757,33
6758,25
6759,64
6916,13
6917,39
6919,56
7010,15
7303,20
7304,179
7305,84
7306,27
2428,19
3098,7
3099,14
3100,9
3882,36
3883,28
726,14
1518,10
6407,48
6408,45
6409,34
6410,27
6412,21
6595,13
7006,54
7037,75
3781,27
3782,20
3783,39
4879,32
4880,32
297,32
1864,53
1867,12
1965,25
1966,9
1967,6
1968,17
2001,13
2002,36
2003,19
2004,99
2015,33
2016,30
2017,25
2117,25
2118,23
2217,18
2218,20
2219,16
2220,26
2221,26
2364,31
2365,19
2366,23
2558,16
2559,20
2560,42
2561,55
2562,48
3206,13
3207,49
3208,21
3209,31
3210,47
3769,12
3770,17
3823,14
3824,8
3825,26
3826,9
4090,18
4453,9
5504,78
3513,19
6415,23
6768,12
6769,32
907,35
908,31
909,83
5808,165
6953,80
3636,17
3637,38
3638,14
3639,32
5589,17
5817,133
6357,13
6361,23
6535,8
6536,33
6537,11
6538,16
6582,16
6583,35
6700,22
6702,10
6733,8
6734,20
6735,14
6736,14
6785,13
6786,17
6788,41
6857,41
6858,12
6859,19
6861,6
6879,16
6937,17
6938,23
6941,26
7096,38
7097,53
7320,7
7321,10
7322,8
7323,11
7324,15
5558,12
5560,172
5979,57
5983,26
6729,56
2534,17
2535,27
2537,15
2538,18
2798,40
2842,29
2843,28
2845,21
1801,18
2058,18
2059,17
2425,12
2427,53
2874,34
3440,35
3528,17
1079,46
1127,38
1128,85
1129,8
5890,218
5891,54
5892,55
6230,26
6231,75
1756,14
1757,24
1758,22
1759,40
2328,19
2645,19
5466,65
228,35
229,11
887,56
1586,54
1587,42
1588,60
3740,2
3741,23
3742,4
3743,18
4283,6
4284,8
4668,10
4711,16
6188,112
6190,93
6191,186
420,10
4025,31
4026,15
4199,20
5102,6
5104,14
3165,48
1362,51
5902,43
2123,17
2649,16
3465,31
3469,54
3473,32
3474,48
3745,18
6398,34
6400,25
6416,41
6417,38
6489,21
6544,29
6545,95
6546,26
5291,55
1926,6
1927,11
1928,12
1929,17
1930,5
3356,7
3357,19
3358,15
3360,13
3361,25
2913,16
2914,19
2915,17
3317,18
3318,12
121,17
122,8
253,43
254,32
255,47
837,36
839,28
840,20
869,36
870,31
871,38
1029,51
1030,9
1253,61
2039,15
2040,29
2432,15
2433,32
2716,33
3609,83
2164,28
2166,10
2167,17
2168,23
3365,47
1804,36
1805,53
1810,47
1820,60
1822,31
2329,20
2348,58
2877,39
3048,64
3218,35
3220,11
3227,16
3228,12
3294,14
3535,67
3617,20
2304,38
2688,8
2769,43
2817,14
2818,10
5335,29
5336,23
5337,35
5338,31
5534,90
5535,12
5536,41
5537,29
5799,26
5800,25
5802,120
5829,45
6109,49
6110,49
6111,18
6112,16
6113,185
2361,42
2363,41
2543,14
2544,49
2362,13
3193,12
3194,14
3875,31
4235,66
4458,23
4459,27
4460,16
4461,15
4830,12
4831,13
4832,21
4833,20
4834,14
4835,28
4850,42
5040,18
5041,16
5431,59
5433,59
5753,234
3985,38
3986,29
3987,26
3988,21
4463,31
5435,57
5436,43
5437,46
5439,101
6098,62
6186,93
2157,23
2226,50
2227,60
1834,83
131,5
133,6
449,8
450,32
451,13
452,4
453,17
535,10
536,11
710,17
711,24
712,9
713,4
752,10
753,13
755,11
785,42
807,7
808,15
1097,15
1099,15
1210,15
1652,36
1654,10
630,40
1152,27
1153,19
1154,29
1631,63
1632,54
2650,42
3054,39
3056,14
6329,56
7124,12
7125,25
93,5
614,7
392,7
393,37
817,50
1633,11
3321,17
3322,29
3323,38
1848,26
2142,20
2143,15
2823,42
3576,36
3577,14
3578,68
3579,33
1830,14
542,39
647,38
14,21
2333,27
6526,28
6972,28
6973,47
6974,46
7012,7
7014,17
7177,25
7178,16
7179,14
7275,34
7276,15
292,11
293,13
294,14
295,13
342,44
502,32
503,67
577,21
583,44
920,9
921,3
1185,7
1200,29
1201,17
1483,5
1486,7
1487,31
1907,22
1908,51
1909,12
2124,36
2125,14
2297,35
2298,40
2299,26
2300,67
2678,18
2679,21
368,5
369,12
370,10
371,7
372,4
373,7
1439,5
1440,9
1441,11
1442,8
1717,60
5539,88
5775,14
5776,14
5777,10
5778,20
5779,25
5780,26
6990,30
396,7
464,14
465,2
466,8
467,32
468,25
567,27
568,29
569,17
571,11
701,54
1278,35
1304,3
1305,30
1683,9
1685,91
1686,29
1979,29
2444,21
2615,20
2616,32
2617,22
2709,20
2710,24
2712,31
6271,7
6272,10
6273,22
2239,21
2240,18
2241,24
2291,19
2292,45
2770,14
2863,21
3004,44
3392,64
3393,33
3394,18
3471,83
3472,58
3482,23
3484,24
4867,75
5020,10
5310,187
5311,156
5312,139
5313,80
5314,40
5315,171
5316,27
5317,53
5319,28
5774,237
3896,15
3897,17
3898,21
3899,23
6607,20
135,36
136,21
137,8
138,25
518,60
649,10
653,14
654,11
987,8
988,12
990,20
991,11
992,16
1037,16
1038,19
1039,10
1132,12
1134,14
1135,14
1157,12
1158,18
1161,11
1506,18
1507,21
1547,21
1548,33
1549,15
1550,15
1551,14
1552,15
1596,11
1598,10
1599,12
1320,20
6650,18
5907,113
6000,129
3982,4
4398,45
4679,104
4926,33
5921,105
5922,43
2062,28
2636,69
4109,26
4111,11
4112,24
4623,40
4624,42
4653,40
27,4
28,14
30,21
47,10
59,35
530,37
531,23
3840,50
3841,58
3843,25
4884,8
4885,17
2539,20
2540,3
2827,9
2828,8
2829,25
3423,12
3424,21
3425,5
3426,10
3626,13
3627,15
3628,35
3629,16
6594,31
6904,11
471,61
472,20
61,83
186,14
188,38
190,39
278,6
279,8
281,26
356,22
380,25
5430,118
6348,34
6350,33
149,50
150,21
288,26
290,19
544,17
545,15
846,14
1207,34
1208,8
1471,29
1472,30
1473,18
1474,28
97,23
98,10
100,28
934,12
1519,17
1521,67
1522,25
5295,54
5410,84
5303,46
5305,24
5306,29
5307,178
5688,18
5810,123
5811,20
5812,77
5814,16
6096,86
2191,15
2495,19
2496,31
319,47
320,73
500,54
1656,41
3762,144
4519,55
4618,38
4775,8
4776,15
376,59
805,60
1000,11
1322,55
6770,24
7206,16
7224,15
7225,22
5345,84
5682,50
5683,26
5973,42
6206,145
6207,56
5689,88
5693,63
5540,14
5541,66
5542,11
5543,12
5766,29
6143,70
6144,64
6145,65
6146,72
3934,11
3936,6
4420,4
5826,35
3303,11
3304,10
3305,34
3306,24
3307,20
3308,37
2243,20
2566,21
3296,33
153,20
154,19
240,40
241,6
242,13
310,26
876,18
878,10
917,18
918,49
1016,14
1017,36
1273,16
1275,9
1536,14
1537,29
1538,10
6426,22
6025,53
6028,69
4151,16
4156,9
4158,24
4159,87
4160,43
37,13
3507,37
5827,52
2275,38
2276,57
2612,19
2802,66
2803,48
2804,37
2805,41
3080,96
3597,29
4495,15
4498,6
4500,16
5237,9
5238,21
5239,23
1914,17
1916,24
2272,17
2273,12
2407,19
2498,26
2597,8
2604,6
2814,18
2815,18
3066,17
3067,32
3262,26
3263,25
3432,15
3433,10
3512,31
3515,26
3587,16
3588,19
3589,20
6976,18
6980,30
5650,74
5651,73
5868,53
5869,100
5871,52
1084,31
1408,9
1409,12
1410,11
1411,17
1413,7
2393,27
6289,24
6290,56
6291,67
6292,62
1961,23
5476,77
5870,52
5872,103
5873,48
6016,45
6017,38
4547,7
4548,9
4888,4
4910,6
4911,7
6599,10
6750,19
7294,34
5464,18
5874,46
5963,47
5966,82
6015,125
4323,15
4324,28
5769,86
5770,156
5772,69
5773,254
2245,33
2567,55
159,24
298,4
299,10
300,12
731,24
733,20
1535,172
6312,40
6313,22
6341,136
6862,55
6995,26
3537,21
3538,14
3539,7
3540,10
3541,10
3542,22
5552,63
5661,41
4573,6
4416,14
1711,39
1712,21
1713,37
1714,38
2026,99
2027,81
3239,39
3243,40
3560,87
4086,10
4087,2
4189,5
4619,3
4621,7
4622,8
7284,21
7286,41
5677,110
5678,83
5970,41
5971,159
5611,59
5612,53
6037,62
6059,47
1341,31
1393,23
1431,39
5273,49
6396,31
7196,75
5986,129
5987,144
6966,16
7033,15
7167,26
2147,46
4040,21
4041,66
4396,52
4757,20
4758,25
2632,5
2633,10
2634,10
2635,19
3562,17
3564,31
4201,9
4202,13
4203,15
4852,5
4853,5
4854,5
4856,7
5006,6
5007,9
5008,10
5107,7
5108,9
5109,10
5110,8
5712,85
6202,147
1863,33
2145,13
2182,15
2183,13
2185,8
2186,23
2187,18
2440,32
2931,18
2934,14
3138,14
3140,34
6674,24
2208,51
2209,75
2210,15
2892,24
2894,73
3592,18
7088,49
7089,60
7090,24
2473,17
1956,5
1957,8
1958,11
1959,23
1932,131
2028,48
4108,22
5200,13
5967,66
5968,44
6001,32
6002,46
3671,46
3672,43
3673,45
3674,10
3747,46
3748,60
3979,31
4051,87
4052,84
4104,28
4106,14
4107,34
4217,58
4429,38
4431,54
4432,69
4433,51
4738,146
4739,132
6797,13
6801,27
6932,15
6935,11
6936,20
7208,29
1769,17
1770,25
1772,29
1868,40
1971,22
1972,48
2135,16
2138,18
2578,16
2579,81
2618,29
2621,30
3132,19
3133,11
3134,8
3135,11
3199,11
3200,13
6462,15
6463,60
6464,20
6465,15
6466,12
6803,45
6804,31
7051,27
7121,42
7122,30
7123,22
4091,21
4092,9
4093,6
4167,5
4168,11
4552,2
4553,10
4554,6
152,36
1274,24
1394,67
4072,6
4073,4
2029,41
3006,41
3007,27
3008,39
3009,23
3402,20
3583,25
2486,11
2981,16
3391,21
4613,21
4615,22
2455,18
2456,27
2457,25
2458,38
2860,20
2861,19
3185,12
3186,21
3565,29
343,11
344,12
346,11
347,21
348,35
416,20
417,13
418,16
419,13
722,13
723,20
760,10
761,21
851,16
852,22
853,25
854,21
855,24
856,14
1414,11
1415,20
1416,10
1417,12
1641,19
1642,17
1643,20
1644,27
1645,17
1646,25
6642,8
1943,13
1944,25
1946,22
2637,76
5615,68
5815,95
5816,302
6362,16
6363,24
5117,61
2150,27
2405,20
2497,52
2646,26
2697,37
3109,18
3110,16
3182,34
3981,13
4030,2
4031,9
4032,8
4079,20
4080,9
4479,13
4480,15
5195,12
270,34
271,23
550,136
551,16
552,29
956,48
957,76
1528,16
1530,19
6380,40
6782,38
7256,40
111,15
112,14
113,10
114,13
115,26
116,13
7001,23
7025,25
7026,19
7027,24
349,10
350,12
351,24
352,23
1162,6
1164,19
1638,18
5309,107
5280,45
5281,71
5282,65
6108,35
5939,29
4524,6
4525,9
3401,13
3404,25
6331,23
6332,35
6333,16
6334,12
2146,15
3912,10
3913,21
3915,16
4062,19
4063,10
4476,8
4477,15
2909,24
6389,21
6390,18
6392,24
6746,18
6748,27
6796,13
6798,27
6799,33
6933,15
6934,36
5494,29
5617,28
5618,48
5620,44
214,14
215,18
519,62
867,57
1568,100
1624,22
1687,29
1688,10
1689,12
337,21
338,11
339,13
1087,16
1088,17
1405,10
1406,44
1407,8
4984,10
4985,20
4987,13
4988,14
4989,20
5029,15
5030,27
5050,27
6772,38
6773,42
6893,32
6894,28
6895,32
6896,30
6897,29
6991,29
5384,68
5385,59
5386,74
6048,170
5790,54
5791,19
4007,7
4008,8
4352,5
4353,1
4354,8
4355,3
4356,9
4616,8
4698,4
4699,7
6281,95
6282,126
2700,14
2701,17
3478,27
2128,17
2129,45
2277,23
2642,50
2643,17
2644,35
3785,11
3786,18
3787,4
3819,16
3820,17
3821,11
3822,34
4400,6
4401,17
4922,19
4924,17
5052,12
5053,24
5054,10
5206,37
5207,20
5208,33
5209,23
1838,7
1839,11
1840,24
2841,32
2927,21
3407,9
3408,5
3409,9
3410,10
3411,7
5216,21
5695,41
6208,77
134,18
176,17
177,10
435,15
697,13
698,88
1223,26
1658,25
5286,194
5269,32
5270,147
5361,76
5362,19
5394,55
5396,48
5397,123
5447,99
5448,30
5449,21
5450,112
5626,42
5627,258
6006,26
6008,69
6049,59
6051,55
6131,23
6132,68
6133,76
6134,42
6135,24
6283,105
6284,46
629,18
5548,32
6566,8
6567,13
6568,6
6569,16
6901,12
6902,13
7067,42
5667,32
5669,16
5671,20
6020,74
6021,57
336,9
1302,12
1303,17
1637,18
2222,24
2223,6
2224,23
2344,31
2346,9
2992,6
2993,14
2994,6
2995,22
2996,14
3217,30
3244,28
3298,33
3299,45
3122,19
3123,17
3124,51
3125,28
2796,54
3414,35
3415,14
3500,36
3517,69
5374,36
5375,81
5376,109
5644,61
5645,80
6009,94
6010,134
6011,94
5575,40
5576,32
5752,46
3864,29
5553,46
5660,72
5662,42
5665,114
2055,10
2056,6
3901,10
3902,6
3903,12
4716,40
4808,9
4809,16
4810,8
4812,21
4813,12
5738,121
6777,17
4842,61
5113,18
5114,22
5116,108
5118,27
5259,74
5469,32
5903,47
5904,57
5910,60
5941,49
5988,85
126,9
127,17
128,58
745,9
1511,19
1512,12
5550,29
5866,40
5867,71
3795,2
3796,7
3797,7
3798,8
3799,11
3800,6
3884,1
3885,3
3886,12
3887,11
3888,5
4024,8
4278,11
4279,11
4281,14
4282,15
4470,7
4471,9
4730,25
4731,15
5135,9
5136,12
5137,13
5138,5
5139,12
5140,14
5141,14
5153,12
6275,281
3571,8
3572,24
3573,17
3574,9
3575,19
4990,23
4991,20
4992,14
4999,6
5004,10
3714,27
3715,36
3716,32
5842,96
5843,38
5844,33
5845,45
5423,52
5938,86
1108,20
2959,26
3399,100
3400,82
4592,5
4593,5
4594,7
4889,6
5074,12
5075,12
5076,8
6124,57
6320,13
6730,99
6731,28
6802,16
155,12
156,8
157,12
158,8
7081,6
1762,67
1763,59
1764,29
1765,66
1970,34
2781,4
2783,25
2784,18
3324,17
3446,65
3447,69
5327,67
5328,94
5331,203
5332,117
5333,85
5559,255
5561,54
5562,139
5563,268
5980,52
5981,104
5982,41
5984,62
7226,8
7232,60
7233,19
7235,20
1727,30
1728,17
1747,159
1748,29
1750,80
2084,64
3042,28
3043,168
3288,21
5544,21
5545,58
4175,9
4176,19
4177,18
4360,7
4361,10
4362,11
4363,6
4364,11
4581,24
4582,26
4583,26
4584,13
4585,41
5609,91
5639,76
5640,57
5641,28
1936,11
2932,26
2933,16
6809,21
6810,11
6813,15
7076,24
7077,22
3880,75
4274,18
4275,11
4276,24
80,59
81,70
771,27
1009,6
1054,43
1316,175
1481,51
1482,17
4640,10
4641,28
4642,36
4643,13
4645,19
6570,14
3952,22
3953,8
3954,13
4665,30
4667,18
4965,9
4967,24
7244,15
4237,9
4238,23
4239,15
4798,15
4800,12
4801,14
5181,7
5183,14
1708,30
1737,37
1738,10
1739,13
5792,39
5794,9
5795,16
5796,24
5797,26
643,7
644,6
645,9
895,2
1565,8
1566,8
3839,100
3842,95
5740,40
5741,60
2188,28
2189,23
2190,36
2811,17
2929,33
2930,46
585,15
586,28
587,20
588,10
589,10
1062,16
1063,13
1064,18
1065,15
3768,48
4938,18
5168,33
328,25
2706,12
2968,13
2978,18
950,19
951,8
1193,73
1195,12
1198,31
7190,23
7194,22
7195,24
6971,25
708,8
709,28
1234,32
6319,39
6347,19
7217,45
7230,37
1817,18
2073,29
2076,43
2105,5
2106,16
2107,9
2108,8
2109,29
2192,12
2552,11
3059,15
3116,10
3117,25
3120,42
5391,30
5392,25
5393,30
3058,15
3631,12
3632,31
3633,23
3635,34
263,9
390,36
739,12
740,20
3850,11
3851,18
4045,11
4046,12
4617,11
5409,47
3704,22
3705,18
4712,30
4043,208
4881,79
4882,76
4883,53
1789,57
1931,17
2910,18
2911,21
3412,22
3567,13
163,48
862,16
863,25
865,20
1524,84
2866,27
3448,48
6339,76
6543,62
6487,19
6960,9
6961,9
6994,30
1899,14
1900,10
1901,29
1902,9
1903,13
1994,22
1996,25
1998,23
2390,24
2394,40
2682,58
3178,16
1767,31
1934,10
3477,27
3620,21
5876,28
3976,6
3977,9
4019,16
4021,12
4022,14
4023,14
4379,5
4380,15
4381,8
4382,8
4383,8
4846,15
378,11
775,15
777,4
1460,3
1461,28
4857,79
4858,21
4859,20
5031,13
5032,14
5033,9
5034,12
5035,10
5036,11
1015,66
5577,91
5578,138
5579,29
3172,28
3387,58
3388,56
179,13
181,11
403,21
406,11
795,42
1378,17
1380,24
1445,25
1446,26
1448,10
1449,23
1450,19
1454,20
1455,23
1456,32
1457,27
1458,17
1459,22
1463,25
1464,12
1465,15
1466,17
1467,16
1468,16
1673,12
1674,69
1675,27
425,12
426,19
427,14
4130,3
4131,2
4132,7
4135,4
5144,3
5145,2
5146,5
5147,4
5148,7
5149,5
4169,143
4655,18
4744,189
5112,62
7266,20
7277,37
3904,9
3905,3
3906,4
3907,13
3908,6
5220,110
5925,14
5926,22
5927,33
5928,34
5930,34
6003,57
6593,42
6716,77
6717,31
6062,108
363,18
364,24
365,21
366,23
367,14
161,74
864,45
2339,20
2340,15
2341,26
3702,10
3703,7
5951,25
5955,34
5518,51
6065,119
6066,57
1661,11
1662,20
1663,20
6330,36
6456,11
6393,30
6394,26
6395,20
6575,21
6576,39
6480,27
6481,35
7093,34
7150,26
7151,31
7153,30
386,194
120,28
6354,53
6355,53
6969,22
4027,3
4028,11
4029,12
237,7
877,6
2702,26
3479,30
3481,24
4129,18
6242,108
6243,63
38,39
40,30
41,18
42,16
43,31
312,27
313,26
314,35
315,31
316,16
579,44
595,32
596,40
598,43
600,33
664,43
665,35
666,25
667,38
668,50
913,53
1569,41
5806,55
5841,45
6571,24
6572,24
6725,15
6726,17
6727,24
6728,27
6838,23
6839,28
6840,21
6906,20
6907,7
6908,16
6909,25
1841,62
1898,45
3522,17
3523,20
1754,4
1791,10
1793,13
1794,7
1795,19
3669,22
3670,18
4047,28
4048,20
4050,24
86,10
632,13
633,12
6795,37
4421,5
4423,11
4424,7
4425,14
4713,24
4993,8
4994,9
4995,6
4996,15
6676,37
6677,12
7280,23
7281,33
7282,37
7283,16
4064,6
4065,13
4066,8
4067,13
4464,45
4465,29
4466,23
4467,32
4468,55
4469,71
2046,44
2180,28
2302,43
2303,84
1705,8
1706,23
2010,47
2011,28
2012,37
2144,31
2421,17
2422,20
2423,9
2672,13
2888,24
2889,34
2890,17
2891,30
6541,25
5837,51
5838,17
5839,29
6367,25
6368,18
2593,26
2594,55
6492,7
6493,33
7028,14
7029,31
7030,65
7031,167
7236,21
7268,20
18,33
20,19
22,30
317,67
318,16
2111,20
2112,47
2113,19
2114,24
2575,21
2627,10
2628,17
1875,19
1876,19
2283,34
2286,29
2692,23
2694,12
2920,39
3026,22
3027,35
3463,24
3464,25
3488,26
2091,40
2288,2
2610,20
4709,19
4710,12
4763,26
4764,20
4765,50
4766,38
4767,51
3721,33
3722,71
3808,54
3930,14
4527,40
4625,26
4654,30
5179,11
5180,24
3761,8
4204,3
4205,19
4206,4
4207,7
4208,20
4561,3
4562,8
4563,10
6698,21
6877,73
6940,29
6942,75
4570,36
4571,39
4657,27
6610,15
6519,31
6524,50
6910,30
6911,30
6913,25
6982,20
6984,23
2474,30
2475,38
2732,35
2733,25
2734,34
2735,46
2736,29
185,24
361,9
362,22
489,30
493,22
563,11
565,15
1286,11
3765,14
3955,9
3956,6
3957,35
3958,9
3959,11
3960,12
4929,15
4930,15
4932,18
4933,12
4934,9
4687,15
4690,14
1729,26
1731,64
2665,48
2666,36
2669,20
3215,33
2068,14
2069,8
2070,14
2071,13
2261,17
2263,8
2264,21
2265,46
2374,29
2375,16
3611,14
3612,18
3613,14
796,66
797,10
1279,39
1281,28
1379,40
1692,13
1857,22
3396,13
3397,16
7318,28
383,33
3723,15
3725,22
4242,19
4243,9
4244,8
1851,59
3062,12
3063,19
3196,36
3319,39
3320,55
1462,8
4405,9
4407,4
4409,6
5884,78
5885,85
6678,32
6679,15
6681,30
7071,14
7073,38
2509,37
2943,24
2945,16
2946,32
2947,65
3151,22
3197,23
5855,82
5856,95
5857,236
6118,120
6119,221
815,15
6063,21
4209,14
4211,12
981,23
982,12
1005,29
1006,15
1085,25
1086,30
1559,10
1560,15
3890,6
3891,4
3892,6
3894,14
3895,10
4000,2
4001,8
4004,3
4005,6
5055,46
5056,11
5057,2
5058,9
5059,9
5060,16
5210,2
5211,16
5212,5
5213,11
5215,8
5298,216
5398,37
5399,18
5848,70
5913,78
5914,190
6081,158
6082,73
6083,234
6084,151
6086,45
6299,174
6300,86
6301,119
6302,98
6304,60
211,56
801,4
1842,27
1843,46
1844,20
2197,9
2347,15
2412,14
2605,9
2606,15
2607,16
3167,38
3289,15
762,18
764,10
5744,96
5746,80
5747,131
5956,37
5957,20
5959,27
5960,57
3917,6
3921,16
5169,11
5171,9
5172,7
5174,7
5468,150
3659,17
2392,7
2680,35
2681,52
802,22
803,10
1120,37
4228,42
4445,26
4446,46
4537,22
6988,24
7216,11
123,24
124,30
496,43
497,17
2293,5
2294,11
2295,15
2336,11
2337,19
2582,11
3189,9
3190,47
3191,15
2383,42
2325,22
2326,14
2327,20
2703,24
2705,36
2755,41
2756,10
2758,28
2759,43
2760,46
1690,21
2078,26
2280,18
2281,22
3350,36
3351,35
2465,32
2466,11
2568,10
2731,11
3010,14
3011,7
2881,17
2882,19
3169,22
3257,28
3053,29
3055,22
1941,12
3780,133
4751,132
4752,137
5680,143
6600,18
6602,15
7184,24
7186,22
6613,55
6617,37
258,55
261,51
329,19
1119,20
1540,76
1541,25
7032,54
1852,29
1853,32
1854,26
2481,14
2482,19
4250,6
4252,13
4253,14
4308,23
4309,13
4310,25
4311,31
2311,21
2313,9
2314,17
2315,43
2316,34
1883,31
1991,26
6099,40
6101,86
5668,110
5670,120
2801,18
3231,21
3232,14
3234,12
3236,7
6900,27
3708,31
3709,23
3710,22
4664,66
6517,28
6559,39
6560,81
6561,32
6562,15
6822,36
3789,12
3790,24
3791,23
4357,49
4358,14
5119,20
5120,14
5121,20
1183,89
2415,22
2417,29
2418,35
2419,57
2900,23
2901,50
1760,30
2765,27
2766,32
2767,12
5358,67
5359,42
5428,37
6176,24
1799,6
1800,8
2174,38
3501,42
3502,22
5849,39
5850,42
5851,46
5852,23
87,101
3041,30
5875,60
455,53
858,30
4081,37
5157,15
3332,31
3333,35
2449,32
2450,18
2451,27
2452,26
2453,49
2454,24
3222,22
2,12
3,16
91,22
6667,4
6668,15
6670,10
6964,17
6965,15
5308,38
5442,36
5765,66
5906,127
5946,85
5947,129
5961,170
5962,42
4333,12
4532,2
4533,5
5232,6
5451,62
5748,59
5749,73
6151,112
6155,44
3865,19
3866,19
3868,14
3869,23
3870,21
139,15
140,17
141,18
143,12
901,8
905,26
1544,7
1545,28
1546,124
1881,11
2893,25
3593,18
1384,20
3280,13
3282,17
5675,109
5803,209
5804,75
2763,18
2764,14
3533,17
3534,9
3648,39
3649,12
3650,19
3651,76
4190,102
4193,32
4270,210
4271,90
4292,25
4293,40
4723,86
4794,38
4796,83
4797,28
5124,76
5125,14
5126,27
5646,89
820,22
821,15
2786,9
2787,23
2788,21
2789,24
2790,13
2965,71
2966,24
2967,29
3384,5
3385,9
3386,11
5267,97
5268,79
5936,54
5937,65
6087,107
6094,116
6253,19
6293,92
6294,116
205,48
621,45
623,22
1204,28
1501,42
1600,38
1601,33
1602,25
2997,39
3452,26
6774,31
6775,18
7022,51
7023,51
6623,20
1121,82
3991,9
3992,13
3993,8
4805,10
4806,8
4807,6
1981,22
1982,13
1983,16
2546,21
3662,40
4919,94
1575,14
2049,37
3406,29
3582,14
3585,8
6510,5
6886,44
6482,29
6821,29
7273,7
4273,24
4636,213
4737,30
4774,37
3240,22
3241,42
3242,29
5271,49
5272,75
5365,101
5366,91
5367,43
5369,67
5462,122
5964,167
5965,131
1007,14
6505,80
6506,72
6653,46
6827,24
5525,178
5526,215
243,12
914,9
602,9
604,13
1664,11
580,32
640,4
641,6
642,16
663,32
890,3
893,9
894,3
912,52
1489,26
1563,11
1567,14
1571,29
1572,32
634,26
637,33
638,26
943,16
1136,18
1137,15
1138,9
1230,16
1232,19
5554,60
2214,33
2216,13
2269,7
2270,13
2271,8
2323,27
2358,97
2359,23
3556,24
3557,17
3558,27
3559,20
3601,56
1220,12
1222,48
1331,27
6418,6
6419,16
6420,18
3698,183
3699,263
6529,14
6692,40
1993,19
1997,31
4286,25
5042,32
5043,37
2782,13
2785,22
3325,16
3326,57
6486,55
1049,35
1672,21
3643,19
3644,8
3676,8
3713,7
4174,11
4265,6
4269,11
4607,20
5079,6
5080,11
5082,9
5083,10
3939,7
3942,11
3943,10
3867,22
6377,23
6387,18
6689,22
5506,74
5507,18
5510,32
5511,36
301,3
302,26
303,8
5458,143
5460,85
5279,115
6218,225
1833,54
1835,78
3352,24
3353,55
3354,32
3355,23
4825,15
50,11
51,16
53,34
54,9
55,16
558,9
559,2
560,21
561,12
562,8
1290,9
1291,29
1292,41
1496,7
1497,12
1498,24
1500,9
1873,17
2259,61
2285,43
2921,29
3028,77
3489,63
6823,18
6824,20
6944,31
6945,14
6946,35
4246,8
4247,22
4248,13
4249,14
4493,7
4494,17
4501,23
4502,12
4503,17
4504,17
5161,25
1780,57
1781,89
1782,37
1783,64
2072,25
2260,66
2963,60
2964,20
3184,33
3416,35
5283,22
5285,48
6012,75
6013,112
6138,28
6139,32
6142,128
3793,14
3794,16
3972,17
5364,57
6178,131
6193,18
3436,21
1182,46
1067,27
1069,34
1111,84
1112,66
2467,41
2536,33
2847,29
6753,27
7258,69
7260,62
3837,48
4088,82
6614,47
6615,19
6616,22
231,20
232,18
527,28
528,11
6244,105
3947,47
3951,25
2047,18
2048,42
3064,12
3403,27
3586,32
1533,15
147,21
193,9
197,18
198,23
5894,53
5895,65
5896,78
3746,15
3287,10
3312,7
3313,13
3314,8
5631,42
5672,64
1353,6
1355,6
23,6
24,6
4127,12
4892,23
4893,7
5234,25
5235,9
4530,26
4218,8
4219,6
4220,8
4306,57
4978,8
4979,3
4981,6
4982,6
4983,4
5152,24
265,34
266,21
605,39
608,46
609,20
610,44
5798,143
6211,95
6212,173
5530,193
5568,185
5569,105
5571,62
6627,47
7024,30
6671,16
4082,1
4083,10
4084,9
4085,20
4162,6
4163,9
4164,10
4166,5
4543,10
4545,15
4546,9
4914,17
4916,18
5158,8
5614,82
5501,95
5502,42
6254,47
6255,24
1984,20
2952,26
3345,24
3346,25
3347,22
4251,19
4564,39
4565,32
4567,21
4568,22
5090,52
5091,83
5093,54
5094,44
5095,51
5513,71
707,25
4299,89
4301,13
4307,8
4368,16
4608,17
4658,5
4659,4
4660,6
4661,18
4663,12
4941,22
4942,26
5037,19
5038,31
5039,43
5151,207
3845,37
3971,56
4170,86
4195,14
4196,39
4198,27
4650,40
4652,38
4864,28
4865,87
5344,122
5346,132
5974,94
5975,71
5977,75
5978,32
6205,174
6336,19
6337,27
6338,18
5163,89
5164,193
966,26
1585,45
1451,65
1869,37
2248,38
2251,50
2252,64
2253,45
2296,28
2493,66
3495,39
259,29
1209,67
1375,24
1376,52
6437,73
6060,55
6095,95
6532,17
6640,6
6641,9
2357,22
2487,5
2489,18
2490,12
2491,26
2553,18
2554,21
2970,27
3266,34
3268,34
3269,23
1809,20
1823,40
1824,10
2350,31
2677,23
2875,46
2989,32
2990,23
3536,26
3544,30
3545,28
3546,20
3547,11
3548,33
3549,50
1319,27
1321,12
5318,85
5886,138
5888,97
5889,28
2196,42
2738,81
2282,27
2492,19
3516,42
2685,20
2686,22
57,48
192,50
983,13
1033,31
1034,16
1070,132
1071,9
1175,26
1176,19
1432,29
1433,19
5931,46
2199,12
2200,37
2201,50
2470,17
2471,24
2472,22
2797,11
3596,23
1736,32
3494,38
1080,33
1081,11
1082,18
1083,16
3718,8
3719,6
5084,7
5085,6
5087,9
5088,15
5089,16
2267,43
2268,33
2836,29
2837,30
3021,31
3022,41
3023,28
3024,17
3025,17
3258,11
3259,13
3261,15
3491,28
3524,24
3525,30
3526,43
6443,18
6444,12
6445,28
6446,30
6948,22
5566,77
5567,372
6440,78
6441,244
6609,26
6661,23
5019,6
5021,5
5022,5
5023,15
5717,24
5719,95
5721,169
5722,294
5723,235
6276,21
1607,23
1608,24
73,27
74,8
75,17
76,9
77,16
78,14
1024,27
1190,24
1191,41
1388,30
1390,46
1392,34
2590,10
2591,31
2592,15
3316,23
3775,3
3776,12
3777,15
3830,6
3831,12
3833,11
3834,9
4015,16
4016,7
4017,7
4510,6
4511,15
4513,10
1880,16
2917,22
2429,48
2431,20
3072,18
3073,19
3075,14
3437,19
3438,24
3439,14
6070,42
6071,45
5905,387
6117,268
7187,14
7188,37
5520,59
5521,207
5522,135
5523,58
6040,119
6041,50
6042,17
6043,58
6044,310
6045,115
6174,38
6175,133
6472,16
6475,23
5276,16
5277,37
5628,57
5629,24
5630,28
5709,22
5715,182
5716,36
5729,11
5730,36
5731,17
5732,13
6125,21
6166,35
6167,37
6177,134
6203,13
6204,41
6564,59
6565,29
7242,63
423,91
522,84
523,23
524,18
1818,24
1819,37
2075,11
2548,21
2550,28
2876,18
3060,53
2384,21
1287,44
5989,41
5990,25
5991,30
5992,28
1249,10
1719,7
1720,7
1721,13
1722,32
1723,9
3237,18
3238,16
4128,74
4646,48
4647,14
4702,9
4703,29
4748,25
4875,13
4876,12
4902,9
4968,26
4969,15
4970,17
5228,24
3646,12
3647,29
3980,9
4191,14
4192,5
4194,19
4213,105
4214,75
4215,57
4216,85
4294,25
4295,32
4296,42
4297,33
4725,25
4726,9
4727,39
4728,53
4740,65
4793,28
5349,12
5350,19
5351,30
5606,47
5725,40
5726,37
5727,38
5728,48
6089,40
3763,13
3764,9
4113,9
4114,8
4515,45
4742,14
7298,110
7328,20
7331,23
1973,4
1974,3
1975,13
1977,14
1978,79
3168,46
3655,9
3852,6
3853,6
3854,8
4753,34
6518,18
6628,58
6629,38
6631,18
6632,19
6633,48
3568,16
7308,19
902,56
903,8
906,8
1386,22
1387,8
1452,36
2447,28
3202,35
6794,29
5387,131
5388,123
929,9
931,38
932,42
933,21
5735,155
5736,103
3434,2
3435,6
6502,20
6504,27
5142,73
5251,4
5252,6
5255,5
5256,6
6061,20
4449,6
201,17
202,8
203,15
204,7
994,12
995,6
996,13
997,8
998,4
999,10
2279,27
2408,18
2409,28
2748,49
2749,32
3181,14
3623,18
3625,24
4819,16
6808,14
2236,58
2600,28
3050,32
2170,28
2171,20
2864,30
3057,46
3490,37
5942,182
101,3
102,4
103,7
106,3
525,5
526,13
735,3
736,2
1256,2
1257,2
1258,6
1259,4
1260,10
1261,4
1308,6
1311,2
1313,5
1357,4
1358,2
1359,3
1360,5
1361,5
1610,4
1611,3
1613,4
1614,9
1639,7
1677,9
1679,10
1680,10
809,40
810,23
5471,53
4595,11
4596,7
4597,8
4598,7
4600,10
2153,40
2156,18
3418,20
2230,52
3090,57
3092,139
779,97
780,65
1100,42
1102,70
1589,151
1905,17
1906,16
2950,35
3037,14
3038,9
3039,14
3105,31
3106,99
3107,53
4074,9
4075,3
4076,8
4318,6
4319,3
4320,4
5028,16
5203,4
5204,8
5205,12
1066,20
1068,31
768,24
1734,15
2516,9
2517,6
3012,17
3013,23
3096,10
3097,16
3102,11
3104,29
3176,8
1694,12
1753,36
1827,18
1922,8
1923,9
1924,16
2060,16
3141,4
3142,14
3143,12
3144,29
3145,21
3380,50
3381,67
3427,5
3428,24
3429,23
3430,21
3431,18
3827,10
3828,36
3829,12
4221,3
4222,16
4223,8
4224,17
4677,22
2446,9
789,20
790,18
791,12
792,11
793,11
923,16
924,34
926,35
1057,34
1058,12
1382,34
1383,9
1385,19
